WORD,ACHIEVE,AFFECT,ANGER,ANXIETY,ARTICLE,ASSENT,BODY,CAUSE,CERTAIN,COGNITIVE PROCESSES,COMMUNICATION VERBS,DEATH,DISCREPANCIES,DOWN,EATING,EXCLUSIVE,FAMILY,FEEL,FILLERS,FRIENDS,FUTURE,GROOM,HEAR,HOME,HUMANS,I,INCLUSIVE,INHIBITION,INSIGHT,JOB,LEISURE,METAPHYSICAL,MONEY,MOTION,MUSIC,NEGATIONS,NEGATIVE EMOTION,NONFLUENCIES,NUMBER,OCCUPATION,OPTIMISM,OTHER,OTHER REFERENCES,PAST,PHYSICAL,POSITIVE EMOTION,POSITIVE FEELING,PREPOSITIONS,PRESENT,PRONOUN,RELIGION,SAD,SCHOOL,SEE,SELF,SENSES,SEXUAL,SIMILARITIES,SLEEP,SOCIAL,SPACE,SPORTS,SWEAR,TENTATIVENESS,TIME,TV,UP,WE,YOU
ACHIEVE,1,0.317551020408,0.457959183673,0.282208883553,0.519327731092,0.113949579832,0.188955582233,0.436254501801,0.232557022809,0.441632653061,0.275294117647,0.394285714286,0.349339735894,0.391980792317,0.0875390156062,0.416950780312,0.0417286914766,0.328883553421,-0.087731092437,0.132292917167,0.390348139256,-0.000912364945978,0.175030012005,0.0904201680672,0.190780312125,0.119903961585,0.369411764706,0.385450180072,0.407635054022,0.541512605042,0.463913565426,-0.0679471788715,0.248211284514,0.199135654262,0.395054021609,0.00533013205282,0.502809123649,-0.311692677071,0.612677070828,0.782569027611,0.621992797119,0.148427370948,0.164657863145,0.148619447779,0.0656422569028,0.257238895558,0.141032412965,0.552653061224,0.342521008403,0.169651860744,-0.106842737095,0.381992797119,0.533349339736,0.348091236495,0.120480192077,0.204897959184,0.0379831932773,0.391980792317,0.0295318127251,0.18818727491,0.37181272509,0.667226890756,0.382088835534,0.43606242497,0.305450180072,0.226698679472,0.4375030012,0.105882352941,0.253205282113
AFFECT,0.317551020408,1,0.0404801920768,0.79668667467,-0.197887154862,0.774693877551,0.616902761104,0.705258103241,0.910204081633,0.88206482593,0.589339735894,0.152557022809,0.924129651861,0.190492196879,0.564081632653,0.849795918367,0.852004801921,0.7624969988,-0.380744297719,0.818679471789,0.641296518607,0.579927971188,0.742328931573,0.843649459784,0.876878751501,0.900984393758,0.576662665066,-0.000240096038415,0.852388955582,-0.266458583433,0.504057623049,0.433181272509,-0.123649459784,0.654165666267,-0.016662665066,0.190492196879,0.653397358944,-0.408979591837,0.134405762305,-0.0657382953181,0.581080432173,0.821176470588,0.872076830732,0.830780312125,0.826554621849,0.978199279712,0.950156062425,0.418199279712,0.894933973589,0.923553421369,0.427418967587,0.827707082833,0.0225210084034,0.601344537815,0.894741896759,0.850180072029,0.845666266507,0.873133253301,0.830204081633,0.872268907563,0.435390156062,0.259159663866,-0.0499879951981,0.871692677071,0.777767106843,-0.329267707083,0.462665066026,0.778727490996,0.425594237695
ANGER,0.457959183673,0.0404801920768,1,0.334837935174,0.424441776711,0.151212484994,0.250228091236,0.347995198079,0.00725090036014,0.174933973589,0.241776710684,0.687106842737,0.0921488595438,0.0888835534214,-0.180120048019,0.148235294118,-0.116542617047,0.0436494597839,0.186650660264,-0.0779351740696,0.164657863145,0.100792316927,0.165714285714,-0.181080432173,0.106746698679,-0.092725090036,-0.0591116446579,0.386602641056,0.150540216086,0.46218487395,0.229291716687,-0.0179111644658,0.320432172869,-0.248979591837,0.526242496999,0.224777911164,0.640528211285,-0.22631452581,0.424441776711,0.455558223289,0.302472989196,0.154669867947,0.0146458583433,-0.04393757503,-0.0146458583433,-0.108763505402,-0.103289315726,0.154573829532,0.019543817527,-0.0454741896759,-0.0614165666267,0.229099639856,0.233037214886,0.327442977191,-0.168595438175,0.146986794718,-0.00264105642257,0.148907563025,-0.191644657863,0.0405762304922,-0.0641056422569,0.156494597839,0.771716686675,0.139207683073,-0.158319327731,0.630924369748,-0.0333733493397,-0.364225690276,0.342136854742
ANXIETY,0.282208883553,0.79668667467,0.334837935174,1,-0.00888355342137,0.743577430972,0.678079231693,0.667995198079,0.763169267707,0.793805522209,0.604033613445,0.333781512605,0.774021608643,0.159087635054,0.4006242497,0.759615846339,0.640816326531,0.699015606242,-0.314093637455,0.68912364946,0.512412965186,0.458055222089,0.733397358944,0.623913565426,0.702665066026,0.75481392557,0.531716686675,0.182713085234,0.790348139256,-0.236110444178,0.363841536615,0.392845138055,-0.182521008403,0.481680672269,0.16581032413,0.313517406963,0.78756302521,-0.478031212485,0.255222088836,-0.0635294117647,0.504825930372,0.730228091236,0.714573829532,0.68518607443,0.721200480192,0.717743097239,0.719663865546,0.441824729892,0.701224489796,0.752989195678,0.379015606242,0.769027611044,-0.0356782713085,0.662136854742,0.706410564226,0.843361344538,0.707370948379,0.761632653061,0.66693877551,0.717551020408,0.35087635054,0.0451860744298,0.161584633854,0.77056422569,0.580120048019,-0.0879231692677,0.357599039616,0.530660264106,0.431068427371
ARTICLE,0.519327731092,-0.197887154862,0.424441776711,-0.00888355342137,1,-0.194429771909,-0.0109003601441,-0.0337575030012,-0.239855942377,-0.053637454982,-0.187130852341,0.239759903962,-0.177046818727,0.653493397359,0.0873469387755,0.0674669867947,-0.422617046819,0.139975990396,0.274237695078,-0.12787515006,-0.143817527011,-0.150348139256,-0.221224489796,-0.189051620648,-0.285570228091,-0.243697478992,0.458535414166,0.664729891957,-0.0504681872749,0.555630252101,0.0808163265306,-0.457767106843,0.335318127251,0.223241296519,0.304681872749,-0.287971188475,0.0393277310924,-0.261464585834,0.770948379352,0.505210084034,0.00763505402161,-0.25512605042,-0.309963985594,0.00456182472989,-0.207683073229,-0.21037214886,-0.341368547419,0.645234093637,-0.178391356543,-0.264057623049,-0.480720288115,-0.131716686675,0.254453781513,0.237454981993,-0.223241296519,-0.149291716687,-0.499639855942,0.0294357743097,-0.115870348139,-0.313805522209,0.555630252101,0.329363745498,0.444801920768,0.0704441776711,0.0965666266507,0.285858343337,0.537671068427,-0.133637454982,-0.303049219688
ASSENT,0.113949579832,0.774693877551,0.151212484994,0.743577430972,-0.194429771909,1,0.558895558223,0.622280912365,0.709387755102,0.710924369748,0.652052821128,0.233037214886,0.745210084034,0.0889795918367,0.518847539016,0.63793517407,0.702953181273,0.605666266507,-0.225162064826,0.739543817527,0.549483793517,0.612004801921,0.756254501801,0.694597839136,0.728787515006,0.775174069628,0.30631452581,0.0967587034814,0.681344537815,-0.221704681873,0.333973589436,0.444417767107,-0.0296278511405,0.498295318127,0.0642977190876,0.349531812725,0.640432172869,-0.200864345738,0.112412965186,-0.110780312125,0.455654261705,0.709483793517,0.735414165666,0.692581032413,0.734261704682,0.751644657863,0.783721488595,0.272797118848,0.684801920768,0.768259303721,0.429051620648,0.688835534214,-0.0183913565426,0.568307322929,0.744921968788,0.800528211285,0.755006002401,0.700744297719,0.680384153661,0.737430972389,0.270780312125,0.0275150060024,0.0846578631453,0.678943577431,0.56725090036,-0.105786314526,0.315630252101,0.561008403361,0.503481392557
BODY,0.188955582233,0.616902761104,0.250228091236,0.678079231693,-0.0109003601441,0.558895558223,1,0.629195678271,0.610660264106,0.606722689076,0.394573829532,0.311980792317,0.614213685474,0.309387755102,0.562160864346,0.630636254502,0.541608643457,0.64600240096,-0.226218487395,0.554765906363,0.472364945978,0.640720288115,0.544777911164,0.531908763505,0.580024009604,0.64974789916,0.423193277311,0.335510204082,0.586362545018,-0.124417767107,0.159759903962,0.295654261705,0.0867707082833,0.504057623049,-0.0703481392557,0.311596638655,0.645330132053,-0.30362545018,0.0918607442977,-0.118463385354,0.362112845138,0.600960384154,0.600576230492,0.618343337335,0.849507803121,0.56849939976,0.592893157263,0.37037214886,0.583769507803,0.631212484994,0.264825930372,0.680576230492,-0.185882352941,0.564081632653,0.607779111645,0.663961584634,0.58549819928,0.595102040816,0.606050420168,0.58818727491,0.362785114046,0.0529651860744,0.293733493397,0.591836734694,0.500216086435,-0.184825930372,0.397454981993,0.458631452581,0.434621848739
CAUSE,0.436254501801,0.705258103241,0.347995198079,0.667995198079,-0.0337575030012,0.622280912365,0.629195678271,1,0.721776710684,0.817142857143,0.693829531813,0.287202881152,0.758655462185,0.0322208883553,0.410996398559,0.744153661465,0.582040816327,0.599231692677,-0.198655462185,0.519807923169,0.657238895558,0.47543817527,0.69306122449,0.448643457383,0.71399759904,0.610084033613,0.391692677071,0.144969987995,0.810036014406,0.0178151260504,0.240912364946,0.412340936375,0.0920528211285,0.356446578631,0.021368547419,0.467851140456,0.700168067227,-0.356158463385,0.121728691477,0.209219687875,0.521824729892,0.630828331333,0.658967587035,0.530084033613,0.633229291717,0.646770708283,0.650996398559,0.379783913565,0.723409363745,0.659735894358,0.393037214886,0.646578631453,0.152076830732,0.62362545018,0.578295318127,0.722352941176,0.63668667467,0.706026410564,0.456902761104,0.685282112845,0.221320528211,0.137094837935,0.182232893157,0.694405762305,0.401200480192,-0.0335654261705,0.274621848739,0.421848739496,0.539015606242
CERTAIN,0.232557022809,0.910204081633,0.00725090036014,0.763169267707,-0.239855942377,0.709387755102,0.610660264106,0.721776710684,1,0.913085234094,0.712941176471,0.11855942377,0.945642256903,0.115294117647,0.485522208884,0.880720288115,0.885906362545,0.657430972389,-0.48456182473,0.773829531813,0.792076830732,0.528931572629,0.858055222089,0.850084033613,0.92144057623,0.920192076831,0.55543817527,-0.0595918367347,0.906554621849,-0.354333733493,0.366242496999,0.591164465786,-0.231020408163,0.578391356543,-0.0909003601441,0.361824729892,0.635534213685,-0.46237695078,0.0871548619448,-0.0310684273709,0.494837935174,0.857767106843,0.934213685474,0.786986794718,0.768355342137,0.893493397359,0.939399759904,0.419735894358,0.963793517407,0.959951980792,0.59356542617,0.849891956783,0.119807923169,0.627178871549,0.9224969988,0.886098439376,0.839039615846,0.767298919568,0.772773109244,0.929315726291,0.337334933974,0.0985834333733,-0.148715486194,0.829243697479,0.760480192077,-0.393613445378,0.36787515006,0.820504201681,0.513277310924
COGNITIVE PROCESSES,0.441632653061,0.88206482593,0.174933973589,0.793805522209,-0.053637454982,0.710924369748,0.606722689076,0.817142857143,0.913085234094,1,0.744729891957,0.238799519808,0.965618247299,0.168787515006,0.433469387755,0.951692677071,0.801200480192,0.702088835534,-0.452484993998,0.679231692677,0.79543817527,0.444705882353,0.847010804322,0.733013205282,0.845666266507,0.839807923169,0.600768307323,0.0550780312125,0.97368547419,-0.230540216086,0.366914765906,0.528547418968,-0.200864345738,0.556494597839,0.0160864345738,0.360384153661,0.754717887155,-0.457575030012,0.266170468187,0.159279711885,0.556110444178,0.831836734694,0.876014405762,0.781512605042,0.679423769508,0.836158463385,0.847202881152,0.573109243697,0.94093637455,0.89118847539,0.519327731092,0.843265306122,0.229099639856,0.775366146459,0.835006002401,0.914429771909,0.73368547419,0.850756302521,0.687971188475,0.881200480192,0.40206482593,0.189147659064,0.0276110444178,0.910012004802,0.734357743097,-0.284609843938,0.465738295318,0.708619447779,0.502040816327
COMMUNICATION VERBS,0.275294117647,0.589339735894,0.241776710684,0.604033613445,-0.187130852341,0.652052821128,0.394573829532,0.693829531813,0.712941176471,0.744729891957,1,0.42962785114,0.745882352941,-0.225354141657,0.199903961585,0.584057623049,0.658295318127,0.262809123649,-0.272605042017,0.493301320528,0.818967587035,0.359039615846,0.923745498199,0.522400960384,0.723121248499,0.550444177671,0.15543817527,0.0119567827131,0.743961584634,-0.127587034814,0.276542617047,0.690948379352,-0.141896758703,0.142665066026,0.204225690276,0.558223289316,0.658487394958,-0.315054021609,0.107995198079,0.262328931573,0.60393757503,0.789579831933,0.809171668667,0.452677070828,0.446050420168,0.549387755102,0.671068427371,0.219879951981,0.717647058824,0.695558223289,0.67087635054,0.699399759904,0.384201680672,0.566386554622,0.547466986795,0.794285714286,0.650228091236,0.446818727491,0.347995198079,0.832220888355,-0.0559423769508,0.0315486194478,-0.0398079231693,0.502617046819,0.410996398559,-0.012725090036,0.0319327731092,0.428667466987,0.745402160864
DEATH,0.394285714286,0.152557022809,0.687106842737,0.333781512605,0.239759903962,0.233037214886,0.311980792317,0.287202881152,0.11855942377,0.238799519808,0.42962785114,1,0.221032412965,0.0373109243697,-0.0556542617047,0.165330132053,0.101464585834,-0.00196878751501,0.0988715486194,0.05181272509,0.325426170468,0.218055222089,0.345018007203,0.0835054021609,0.203265306122,0.0397118847539,-0.0597839135654,0.238607442977,0.219783913565,0.258295318127,0.238223289316,0.25906362545,0.145546218487,-0.147274909964,0.505978391357,0.208259303721,0.614021608643,-0.178199279712,0.32600240096,0.402545018007,0.424729891957,0.309771908764,0.222472989196,0.084849939976,0.137671068427,0.0335654261705,0.0860984393758,0.135174069628,0.160336134454,0.130180072029,0.200768307323,0.378919567827,0.290948379352,0.373157262905,0.00494597839136,0.285474189676,0.11606242497,0.129603841537,-0.0444177671068,0.238991596639,-0.061512605042,0.0970468187275,0.478607442977,0.157551020408,0.025306122449,0.39399759904,0.00062424969988,-0.124801920768,0.452869147659
DISCREPANCIES,0.349339735894,0.924129651861,0.0921488595438,0.774021608643,-0.177046818727,0.745210084034,0.614213685474,0.758655462185,0.945642256903,0.965618247299,0.745882352941,0.221032412965,1,0.134693877551,0.471308523409,0.923361344538,0.895606242497,0.667130852341,-0.462665066026,0.730516206483,0.807058823529,0.519711884754,0.862857142857,0.831644657863,0.916446578631,0.88974789916,0.544585834334,-0.026362545018,0.920960384154,-0.305258103241,0.424825930372,0.558319327731,-0.211524609844,0.574069627851,-0.0157983193277,0.335510204082,0.714765906363,-0.430300120048,0.181080432173,0.0608403361345,0.555246098439,0.902713085234,0.934405762305,0.81781512605,0.748571428571,0.886386554622,0.913181272509,0.469099639856,0.964369747899,0.945354141657,0.550924369748,0.872941176471,0.184345738295,0.693925570228,0.89118847539,0.909147659064,0.820984393758,0.834045618247,0.745882352941,0.941128451381,0.364705882353,0.21575030012,-0.0522929171669,0.898487394958,0.773733493397,-0.340120048019,0.430204081633,0.757599039616,0.493589435774
DOWN,0.391980792317,0.190492196879,0.0888835534214,0.159087635054,0.653493397359,0.0889795918367,0.309387755102,0.0322208883553,0.115294117647,0.168787515006,-0.225354141657,0.0373109243697,0.134693877551,1,0.420600240096,0.319663865546,0.008787515006,0.541320528211,-0.021368547419,0.247346938776,-0.02818727491,0.286242496999,-0.0796638655462,0.315918367347,0.0100360144058,0.242641056423,0.678079231693,0.482256902761,0.170900360144,0.358847539016,0.225930372149,-0.425018007203,0.351260504202,0.677214885954,-0.0133013205282,-0.368355342137,0.0430732292917,-0.264633853541,0.556110444178,0.196638655462,0.00504201680672,-0.00523409363745,-0.00235294117647,0.423481392557,0.255894357743,0.209219687875,0.0618967587035,0.676158463385,0.172052821128,0.141512605042,-0.430396158463,0.105306122449,-0.0340456182473,0.339255702281,0.245426170468,0.105402160864,-0.110204081633,0.342328931573,0.340792316927,-0.0197358943577,0.877070828331,0.305738295318,0.313229291717,0.374405762305,0.513181272509,-0.0661224489796,0.848355342137,0.280192076831,-0.260792316927
EATING,0.0875390156062,0.564081632653,-0.180120048019,0.4006242497,0.0873469387755,0.518847539016,0.562160864346,0.410996398559,0.485522208884,0.433469387755,0.199903961585,-0.0556542617047,0.471308523409,0.420600240096,1,0.483409363745,0.454021608643,0.657142857143,-0.054693877551,0.711404561825,0.275006002401,0.590012004802,0.357695078031,0.621704681873,0.443457382953,0.607587034814,0.576086434574,0.164465786315,0.405042016807,-0.0535414165666,0.389387755102,0.038175270108,0.144489795918,0.717262905162,-0.03212484994,-0.0827370948379,0.217863145258,-0.203361344538,0.200960384154,-0.148619447779,0.183865546218,0.393805522209,0.430492196879,0.631788715486,0.774789915966,0.614597839136,0.542857142857,0.408019207683,0.475630252101,0.553133253301,0.026362545018,0.432797118848,-0.104921968788,0.330420168067,0.608643457383,0.461320528211,0.405522208884,0.576278511405,0.701992797119,0.431452581032,0.584345738295,0.238703481393,0.00897959183673,0.517214885954,0.650612244898,-0.248787515006,0.594429771909,0.580792316927,0.0882112845138
EXCLUSIVE,0.416950780312,0.849795918367,0.148235294118,0.759615846339,0.0674669867947,0.63793517407,0.630636254502,0.744153661465,0.880720288115,0.951692677071,0.584057623049,0.165330132053,0.923361344538,0.319663865546,0.483409363745,1,0.749915966387,0.75855942377,-0.436638655462,0.648883553421,0.70612244898,0.448739495798,0.741080432173,0.72974789916,0.79543817527,0.829243697479,0.718511404562,0.120096038415,0.921056422569,-0.255606242497,0.317743097239,0.427803121248,-0.202977190876,0.64974789916,-0.0630492196879,0.279231692677,0.686146458583,-0.499351740696,0.335414165666,0.0774549819928,0.46237695078,0.77181272509,0.803409363745,0.801008403361,0.686914765906,0.806866746699,0.796878751501,0.661176470588,0.903481392557,0.850852340936,0.422040816327,0.799567827131,0.133925570228,0.763073229292,0.834237695078,0.849219687875,0.650708283313,0.859783913565,0.725906362545,0.795918367347,0.530660264106,0.211140456182,0.0337575030012,0.938535414166,0.772100840336,-0.357887154862,0.571380552221,0.734645858343,0.321392557023
FAMILY,0.0417286914766,0.852004801921,-0.116542617047,0.640816326531,-0.422617046819,0.702953181273,0.541608643457,0.582040816327,0.885906362545,0.801200480192,0.658295318127,0.101464585834,0.895606242497,0.008787515006,0.454021608643,0.749915966387,1,0.507611044418,-0.512509003601,0.70881152461,0.691428571429,0.564849939976,0.808691476591,0.893013205282,0.920672268908,0.88725090036,0.409459783914,-0.179255702281,0.774693877551,-0.511164465786,0.338007202881,0.634573829532,-0.310732292917,0.524225690276,-0.198175270108,0.340120048019,0.537094837935,-0.343097238896,-0.008787515006,-0.2,0.375462184874,0.890132052821,0.922400960384,0.816566626651,0.757887154862,0.84643457383,0.912989195678,0.257142857143,0.889171668667,0.939495798319,0.639759903962,0.780840336134,0.0207923169268,0.519903961585,0.894837935174,0.812821128451,0.870924369748,0.671836734694,0.787466986795,0.924225690276,0.253301320528,0.0528691476591,-0.217094837935,0.750588235294,0.738007202881,-0.457863145258,0.303817527011,0.787947178872,0.426362545018
FEEL,0.328883553421,0.7624969988,0.0436494597839,0.699015606242,0.139975990396,0.605666266507,0.64600240096,0.599231692677,0.657430972389,0.702088835534,0.262809123649,-0.00196878751501,0.667130852341,0.541320528211,0.657142857143,0.75855942377,0.507611044418,1,-0.15668667467,0.652148859544,0.341368547419,0.515294117647,0.437887154862,0.618535414166,0.527010804322,0.730708283313,0.729651860744,0.264825930372,0.705642256903,-0.0134933973589,0.363169267707,0.0143577430972,0.126914765906,0.815606242497,-0.0727490996399,-0.0141656662665,0.453637454982,-0.314573829532,0.233613445378,-0.0723649459784,0.346650660264,0.503289315726,0.543817527011,0.743673469388,0.73762304922,0.754237695078,0.653301320528,0.578199279712,0.66424969988,0.662328931573,0.0112845138055,0.527779111645,-0.148139255702,0.625930372149,0.702280912365,0.675678271309,0.511740696279,0.827995198079,0.757887154862,0.525762304922,0.70881152461,0.1975030012,0.163601440576,0.795246098439,0.685858343337,-0.220840336134,0.697094837935,0.592028811525,0.164081632653
FILLERS,-0.087731092437,-0.380744297719,0.186650660264,-0.314093637455,0.274237695078,-0.225162064826,-0.226218487395,-0.198655462185,-0.48456182473,-0.452484993998,-0.272605042017,0.0988715486194,-0.462665066026,-0.021368547419,-0.054693877551,-0.436638655462,-0.512509003601,-0.15668667467,1,-0.337046818727,-0.482737094838,-0.0787995198079,-0.364033613445,-0.426458583433,-0.410228091236,-0.462953181273,-0.263097238896,0.230540216086,-0.435390156062,0.462280912365,-0.00897959183673,-0.473613445378,0.372869147659,-0.182617046819,0.127779111645,-0.399855942377,-0.294597839136,0.49118847539,-0.153901560624,0.0778391356543,-0.182040816327,-0.368931572629,-0.411476590636,-0.3218727491,-0.243025210084,-0.377767106843,-0.410228091236,-0.322737094838,-0.499927971188,-0.45699879952,-0.485522208884,-0.507418967587,-0.0499879951981,-0.290180072029,-0.471788715486,-0.374117647059,-0.41762304922,-0.311212484994,-0.304777911164,-0.41368547419,-0.141128451381,0.115774309724,0.273949579832,-0.44,-0.443073229292,0.508859543818,-0.168307322929,-0.406482593037,-0.20393757503
FRIENDS,0.132292917167,0.818679471789,-0.0779351740696,0.68912364946,-0.12787515006,0.739543817527,0.554765906363,0.519807923169,0.773829531813,0.679231692677,0.493301320528,0.05181272509,0.730516206483,0.247346938776,0.711404561825,0.648883553421,0.70881152461,0.652148859544,-0.337046818727,1,0.493109243697,0.611332533013,0.66569027611,0.81368547419,0.748763505402,0.821272509004,0.548427370948,-0.00148859543818,0.662905162065,-0.199423769508,0.564657863145,0.314861944778,-0.0750540216086,0.652340936375,0.0894597839136,0.102521008403,0.470348139256,-0.372100840336,0.19731092437,-0.0890756302521,0.410804321729,0.663865546218,0.741176470588,0.74300120048,0.800816326531,0.833277310924,0.807346938776,0.382761104442,0.741080432173,0.821944777911,0.304585834334,0.702665066026,0.0204081632653,0.478415366146,0.821272509004,0.757599039616,0.704969987995,0.697478991597,0.757022809124,0.745402160864,0.467370948379,0.194333733493,-0.0770708283313,0.682016806723,0.773349339736,-0.267515006002,0.506458583433,0.731476590636,0.363265306122
FUTURE,0.390348139256,0.641296518607,0.164657863145,0.512412965186,-0.143817527011,0.549483793517,0.472364945978,0.657238895558,0.792076830732,0.79543817527,0.818967587035,0.325426170468,0.807058823529,-0.02818727491,0.275006002401,0.70612244898,0.691428571429,0.341368547419,-0.482737094838,0.493109243697,1,0.296134453782,0.793325330132,0.603649459784,0.747322929172,0.637166866747,0.266074429772,-0.0375030012005,0.76662665066,-0.150636254502,0.247539015606,0.706410564226,-0.106074429772,0.262232893157,0.0367346938776,0.569843937575,0.680672268908,-0.427803121248,0.181080432173,0.288451380552,0.634093637455,0.731476590636,0.800144057623,0.4818727491,0.473805522209,0.620264105642,0.709675870348,0.393037214886,0.831836734694,0.733973589436,0.688355342137,0.796398559424,0.398799519808,0.599423769508,0.648787515006,0.710924369748,0.651380552221,0.502617046819,0.427995198079,0.810132052821,0.115774309724,0.131908763505,-0.0142617046819,0.622665066026,0.520672268908,-0.153133253301,0.188475390156,0.544201680672,0.72206482593
GROOM,-0.000912364945978,0.579927971188,0.100792316927,0.458055222089,-0.150348139256,0.612004801921,0.640720288115,0.47543817527,0.528931572629,0.444705882353,0.359039615846,0.218055222089,0.519711884754,0.286242496999,0.590012004802,0.448739495798,0.564849939976,0.515294117647,-0.0787995198079,0.611332533013,0.296134453782,1,0.487539015606,0.628139255702,0.55399759904,0.607106842737,0.304777911164,0.206146458583,0.40331332533,-0.0235774309724,0.326674669868,0.172244897959,0.244753901561,0.468619447779,-0.017430972389,0.158799519808,0.382569027611,-0.147755102041,-0.0312605042017,-0.192028811525,0.230732292917,0.557070828331,0.537863145258,0.585786314526,0.757983193277,0.564177671068,0.574069627851,0.14218487395,0.510396158463,0.589531812725,0.154669867947,0.520192076831,-0.24974789916,0.338871548619,0.570996398559,0.561392557023,0.594621848739,0.512220888355,0.55668667467,0.544585834334,0.294597839136,0.0708283313325,0.132869147659,0.471788715486,0.466410564226,-0.127779111645,0.350204081633,0.42300120048,0.330516206483
HEAR,0.175030012005,0.742328931573,0.165714285714,0.733397358944,-0.221224489796,0.756254501801,0.544777911164,0.69306122449,0.858055222089,0.847010804322,0.923745498199,0.345018007203,0.862857142857,-0.0796638655462,0.357695078031,0.741080432173,0.808691476591,0.437887154862,-0.364033613445,0.66569027611,0.793325330132,0.487539015606,1,0.711212484994,0.849987995198,0.752509003601,0.342040816327,-0.0134933973589,0.835198079232,-0.304297719088,0.329555822329,0.689219687875,-0.261656662665,0.338775510204,0.110108043217,0.494549819928,0.701128451381,-0.366146458583,0.114141656663,0.0725570228091,0.50175270108,0.895606242497,0.918175270108,0.667418967587,0.637454981993,0.698151260504,0.813493397359,0.30881152461,0.834333733493,0.856806722689,0.678847539016,0.796014405762,0.242929171669,0.666266506603,0.745402160864,0.929219687875,0.750108043217,0.613925570228,0.587803121248,0.925090036014,0.109339735894,0.00417767106843,-0.0543097238896,0.65781512605,0.615942376951,-0.205282112845,0.185882352941,0.625354141657,0.643121248499
HOME,0.0904201680672,0.843649459784,-0.181080432173,0.623913565426,-0.189051620648,0.694597839136,0.531908763505,0.448643457383,0.850084033613,0.733013205282,0.522400960384,0.0835054021609,0.831644657863,0.315918367347,0.621704681873,0.72974789916,0.893013205282,0.618535414166,-0.426458583433,0.81368547419,0.603649459784,0.628139255702,0.711212484994,1,0.841728691477,0.906746698679,0.593469387755,-0.0323169267707,0.707178871549,-0.352893157263,0.436158463385,0.415798319328,-0.164849939976,0.746554621849,-0.162352941176,0.121920768307,0.434717887155,-0.384393757503,0.13450180072,-0.155726290516,0.331092436975,0.79668667467,0.84518607443,0.887923169268,0.787274909964,0.864009603842,0.873517406963,0.436830732293,0.852869147659,0.914045618247,0.418007202881,0.74693877551,0.00629051620648,0.526050420168,0.931044417767,0.765666266507,0.745018007203,0.670492196879,0.880720288115,0.839615846339,0.532292917167,0.135654261705,-0.176182472989,0.745978391357,0.888403361345,-0.465162064826,0.556590636255,0.872653061224,0.298727490996
HUMANS,0.190780312125,0.876878751501,0.106746698679,0.702665066026,-0.285570228091,0.728787515006,0.580024009604,0.71399759904,0.92144057623,0.845666266507,0.723121248499,0.203265306122,0.916446578631,0.0100360144058,0.443457382953,0.79543817527,0.920672268908,0.527010804322,-0.410228091236,0.748763505402,0.747322929172,0.55399759904,0.849987995198,0.841728691477,1,0.859303721489,0.416950780312,-0.0981992797119,0.810132052821,-0.3218727491,0.45037214886,0.591932773109,-0.183673469388,0.492629051621,-0.0695798319328,0.350108043217,0.669915966387,-0.426170468187,0.0822569027611,-0.0172388955582,0.468715486194,0.894549819928,0.928835534214,0.780840336134,0.755966386555,0.840192076831,0.896470588235,0.304105642257,0.914045618247,0.932581032413,0.589243697479,0.846050420168,0.143337334934,0.554669867947,0.867370948379,0.840576230492,0.861704681873,0.703817527011,0.734837935174,0.940456182473,0.239183673469,0.160816326531,-0.0619927971188,0.755678271309,0.715918367347,-0.309963985594,0.301320528211,0.747995198079,0.505210084034
I,0.119903961585,0.900984393758,-0.092725090036,0.75481392557,-0.243697478992,0.775174069628,0.64974789916,0.610084033613,0.920192076831,0.839807923169,0.550444177671,0.0397118847539,0.88974789916,0.242641056423,0.607587034814,0.829243697479,0.88725090036,0.730708283313,-0.462953181273,0.821272509004,0.637166866747,0.607106842737,0.752509003601,0.906746698679,0.859303721489,1,0.590588235294,-0.0961824729892,0.827226890756,-0.418775510204,0.372869147659,0.457959183673,-0.241584633854,0.705642256903,-0.14487394958,0.241008403361,0.569459783914,-0.37056422569,0.0878271308523,-0.175606242497,0.333973589436,0.793709483794,0.857767106843,0.887827130852,0.845570228091,0.901176470588,0.921824729892,0.422328931573,0.899351740696,0.964657863145,0.460456182473,0.789195678271,-0.00177671068427,0.598847539016,0.980888355342,0.852388955582,0.834141656663,0.82300120048,0.865642256903,0.848355342137,0.473517406963,0.0689075630252,-0.117214885954,0.845954381753,0.80581032413,-0.428571428571,0.494453781513,0.848163265306,0.386890756303
INCLUSIVE,0.369411764706,0.576662665066,-0.0591116446579,0.531716686675,0.458535414166,0.30631452581,0.423193277311,0.391692677071,0.55543817527,0.600768307323,0.15543817527,-0.0597839135654,0.544585834334,0.678079231693,0.576086434574,0.718511404562,0.409459783914,0.729651860744,-0.263097238896,0.548427370948,0.266074429772,0.304777911164,0.342040816327,0.593469387755,0.416950780312,0.590588235294,1,0.321968787515,0.615654261705,-0.0926290516206,0.265594237695,-0.0345258103241,-0.0999279711885,0.833757503001,-0.0818727490996,-0.188379351741,0.246962785114,-0.582617046819,0.557262905162,0.0770708283313,0.132484993998,0.401968787515,0.423193277311,0.723025210084,0.49368547419,0.598271308523,0.484081632653,0.854789915966,0.564081632653,0.553133253301,-0.02818727491,0.406194477791,0.0782232893157,0.59481392557,0.624201680672,0.523073229292,0.250804321729,0.691140456182,0.661368547419,0.407539015606,0.881104441777,0.247442977191,-0.0316446578631,0.725330132053,0.787370948379,-0.350780312125,0.872364945978,0.693541416567,-0.169075630252
INHIBITION,0.385450180072,-0.000240096038415,0.386602641056,0.182713085234,0.664729891957,0.0967587034814,0.335510204082,0.144969987995,-0.0595918367347,0.0550780312125,0.0119567827131,0.238607442977,-0.026362545018,0.482256902761,0.164465786315,0.120096038415,-0.179255702281,0.264825930372,0.230540216086,-0.00148859543818,-0.0375030012005,0.206146458583,-0.0134933973589,-0.0323169267707,-0.0981992797119,-0.0961824729892,0.321968787515,1,0.0261704681873,0.461992797119,-0.0423049219688,-0.242641056423,0.496566626651,0.258775510204,0.0448979591837,-0.0177190876351,0.202593037215,-0.169555822329,0.44268907563,0.222761104442,0.219111644658,-0.0444177671068,-0.0759183673469,0.107803121248,0.105114045618,-0.0139735894358,-0.0928211284514,0.488691476591,-0.0578631452581,-0.086962785114,-0.270204081633,0.0785114045618,-0.104633853541,0.203649459784,-0.074093637455,0.0314525810324,-0.211044417767,0.0689075630252,0.104537815126,-0.0878271308523,0.39150060024,0.177719087635,0.442881152461,0.114237695078,0.136038415366,0.126530612245,0.393325330132,-0.0297238895558,-0.0432653061224
INSIGHT,0.407635054022,0.852388955582,0.150540216086,0.790348139256,-0.0504681872749,0.681344537815,0.586362545018,0.810036014406,0.906554621849,0.97368547419,0.743961584634,0.219783913565,0.920960384154,0.170900360144,0.405042016807,0.921056422569,0.774693877551,0.705642256903,-0.435390156062,0.662905162065,0.76662665066,0.40331332533,0.835198079232,0.707178871549,0.810132052821,0.827226890756,0.615654261705,0.0261704681873,1,-0.226890756303,0.318031212485,0.523073229292,-0.207202881152,0.546026410564,0.00888355342137,0.360768307323,0.703433373349,-0.458631452581,0.243409363745,0.149579831933,0.524609843938,0.800240096038,0.858343337335,0.758847539016,0.658583433373,0.819447779112,0.83212484994,0.556206482593,0.925090036014,0.876590636255,0.518175270108,0.794477791116,0.218919567827,0.780648259304,0.81637454982,0.905402160864,0.720432172869,0.807442977191,0.662232893157,0.858343337335,0.406482593037,0.102809123649,0.00321728691477,0.873133253301,0.700072028812,-0.247827130852,0.444321728691,0.70237695078,0.519519807923
JOB,0.541512605042,-0.266458583433,0.46218487395,-0.236110444178,0.555630252101,-0.221704681873,-0.124417767107,0.0178151260504,-0.354333733493,-0.230540216086,-0.127587034814,0.258295318127,-0.305258103241,0.358847539016,-0.0535414165666,-0.255606242497,-0.511164465786,-0.0134933973589,0.462280912365,-0.199423769508,-0.150636254502,-0.0235774309724,-0.304297719088,-0.352893157263,-0.3218727491,-0.418775510204,-0.0926290516206,0.461992797119,-0.226890756303,1,0.303817527011,-0.556206482593,0.803409363745,-0.123265306122,0.446722689076,-0.25368547419,-0.00705882352941,0.049699879952,0.295846338535,0.684609843938,0.190780312125,-0.36144057623,-0.383721488595,-0.33637454982,-0.265018007203,-0.292004801921,-0.410516206483,0.0713085234094,-0.284801920768,-0.393613445378,-0.588091236495,-0.214213685474,0.28787515006,-0.128547418968,-0.448163265306,-0.312941176471,-0.405234093637,-0.164369747899,-0.405138055222,-0.350204081633,0.114429771909,0.422328931573,0.586842737095,-0.23399759904,-0.221320528211,0.65637454982,0.132004801921,-0.459207683073,0.0667947178872
LEISURE,0.463913565426,0.504057623049,0.229291716687,0.363841536615,0.0808163265306,0.333973589436,0.159759903962,0.240912364946,0.366242496999,0.366914765906,0.276542617047,0.238223289316,0.424825930372,0.225930372149,0.389387755102,0.317743097239,0.338007202881,0.363169267707,-0.00897959183673,0.564657863145,0.247539015606,0.326674669868,0.329555822329,0.436158463385,0.45037214886,0.372869147659,0.265594237695,-0.0423049219688,0.318031212485,0.303817527011,1,-0.122977190876,0.15543817527,0.288931572629,0.577527010804,-0.213829531813,0.400240096038,-0.20787515006,0.375558223289,0.411380552221,0.386794717887,0.423769507803,0.363649459784,0.373637454982,0.373925570228,0.459399759904,0.392653061224,0.149003601441,0.400240096038,0.420408163265,-0.152557022809,0.435390156062,0.420984393758,0.207106842737,0.332917166867,0.367779111645,0.3624969988,0.481296518607,0.309675870348,0.398319327731,0.275582232893,0.675006002401,0.285474189676,0.390444177671,0.504729891957,0.251668667467,0.347322929172,0.236974789916,0.202112845138
METAPHYSICAL,-0.0679471788715,0.433181272509,-0.0179111644658,0.392845138055,-0.457767106843,0.444417767107,0.295654261705,0.412340936375,0.591164465786,0.528547418968,0.690948379352,0.25906362545,0.558319327731,-0.425018007203,0.038175270108,0.427803121248,0.634573829532,0.0143577430972,-0.473613445378,0.314861944778,0.706410564226,0.172244897959,0.689219687875,0.415798319328,0.591932773109,0.457959183673,-0.0345258103241,-0.242641056423,0.523073229292,-0.556206482593,-0.122977190876,1,-0.485138055222,-0.0406722689076,-0.173397358944,0.744921968788,0.463529411765,-0.229195678271,-0.170708283313,-0.161296518607,0.451236494598,0.596926770708,0.688451380552,0.269819927971,0.329075630252,0.414741896759,0.583481392557,0.0339495798319,0.56600240096,0.556398559424,0.995582232893,0.579639855942,0.0528691476591,0.362977190876,0.482545018007,0.55274909964,0.614213685474,0.204321728691,0.314861944778,0.674909963986,-0.271260504202,-0.247731092437,-0.304393757503,0.326674669868,0.216422569028,-0.328787515006,-0.216518607443,0.444225690276,0.618151260504
MONEY,0.248211284514,-0.123649459784,0.320432172869,-0.182521008403,0.335318127251,-0.0296278511405,0.0867707082833,0.0920528211285,-0.231020408163,-0.200864345738,-0.141896758703,0.145546218487,-0.211524609844,0.351260504202,0.144489795918,-0.202977190876,-0.310732292917,0.126914765906,0.372869147659,-0.0750540216086,-0.106074429772,0.244753901561,-0.261656662665,-0.164849939976,-0.183673469388,-0.241584633854,-0.0999279711885,0.496566626651,-0.207202881152,0.803409363745,0.15543817527,-0.485138055222,1,0.0285714285714,0.184825930372,-0.177911164466,-0.0225210084034,0.0617046818727,0.0700600240096,0.309291716687,0.121344537815,-0.265114045618,-0.273661464586,-0.165330132053,-0.0036974789916,-0.114621848739,-0.220264105642,0.00753901560624,-0.194717887155,-0.251284513806,-0.501944777911,-0.114141656663,-0.0836974789916,-0.099543817527,-0.266554621849,-0.230636254502,-0.209987995198,-0.0763985594238,-0.170996398559,-0.246962785114,0.145930372149,0.179255702281,0.508763505402,-0.147274909964,-0.16331332533,0.457671068427,0.141800720288,-0.322929171669,0.0841776710684
MOTION,0.199135654262,0.654165666267,-0.248979591837,0.481680672269,0.223241296519,0.498295318127,0.504057623049,0.356446578631,0.578391356543,0.556494597839,0.142665066026,-0.147274909964,0.574069627851,0.677214885954,0.717262905162,0.64974789916,0.524225690276,0.815606242497,-0.182617046819,0.652340936375,0.262232893157,0.468619447779,0.338775510204,0.746554621849,0.492629051621,0.705642256903,0.833757503001,0.258775510204,0.546026410564,-0.123265306122,0.288931572629,-0.0406722689076,0.0285714285714,1,-0.258871548619,-0.209795918367,0.175606242497,-0.309963985594,0.314381752701,-0.11606242497,0.136422569028,0.436542617047,0.50300120048,0.827803121248,0.671260504202,0.705162064826,0.606722689076,0.68,0.604417767107,0.642160864346,-0.0346218487395,0.415030012005,-0.0924369747899,0.502809123649,0.747707082833,0.533253301321,0.379783913565,0.664441776711,0.832316926771,0.479087635054,0.881104441777,0.240240096038,-0.0844657863145,0.690276110444,0.837214885954,-0.436254501801,0.863241296519,0.783433373349,-0.080144057623
MUSIC,0.395054021609,-0.016662665066,0.526242496999,0.16581032413,0.304681872749,0.0642977190876,-0.0703481392557,0.021368547419,-0.0909003601441,0.0160864345738,0.204225690276,0.505978391357,-0.0157983193277,-0.0133013205282,-0.03212484994,-0.0630492196879,-0.198175270108,-0.0727490996399,0.127779111645,0.0894597839136,0.0367346938776,-0.017430972389,0.110108043217,-0.162352941176,-0.0695798319328,-0.14487394958,-0.0818727490996,0.0448979591837,0.00888355342137,0.446722689076,0.577527010804,-0.173397358944,0.184825930372,-0.258871548619,1,-0.120768307323,0.307659063625,-0.180504201681,0.448259303721,0.56600240096,0.285570228091,0.0539255702281,-0.0660264105642,-0.179447779112,-0.101176470588,-0.0842737094838,-0.113085234094,-0.010612244898,-0.0841776710684,-0.0941656662665,-0.214885954382,0.103865546218,0.526338535414,0.102809123649,-0.216710684274,0.0624729891957,-0.0695798319328,0.0952220888355,-0.273949579832,-0.0259783913565,-0.104057623049,0.409267707083,0.450852340936,-0.00264105642257,-0.0555582232893,0.613829531813,-0.0593037214886,-0.338103241297,0.229387755102
NEGATIONS,0.00533013205282,0.190492196879,0.224777911164,0.313517406963,-0.287971188475,0.349531812725,0.311596638655,0.467851140456,0.361824729892,0.360384153661,0.558223289316,0.208259303721,0.335510204082,-0.368355342137,-0.0827370948379,0.279231692677,0.340120048019,-0.0141656662665,-0.399855942377,0.102521008403,0.569843937575,0.158799519808,0.494549819928,0.121920768307,0.350108043217,0.241008403361,-0.188379351741,-0.0177190876351,0.360768307323,-0.25368547419,-0.213829531813,0.744921968788,-0.177911164466,-0.209795918367,-0.120768307323,1,0.489075630252,-0.105210084034,-0.164369747899,-0.0911884753902,0.335414165666,0.345594237695,0.385258103241,0.0243457382953,0.194429771909,0.137478991597,0.291620648259,-0.00484993997599,0.330132052821,0.287010804322,0.730708283313,0.415990396158,-0.0759183673469,0.298055222089,0.207587034814,0.3612484994,0.411476590636,0.0627611044418,0.0795678271309,0.378151260504,-0.329171668667,-0.305642256903,0.0251140456182,0.163025210084,-0.0687154861945,-0.0742857142857,-0.294693877551,0.0870588235294,0.619591836735
NEGATIVE EMOTION,0.502809123649,0.653397358944,0.640528211285,0.78756302521,0.0393277310924,0.640432172869,0.645330132053,0.700168067227,0.635534213685,0.754717887155,0.658487394958,0.614021608643,0.714765906363,0.0430732292917,0.217863145258,0.686146458583,0.537094837935,0.453637454982,-0.294597839136,0.470348139256,0.680672268908,0.382569027611,0.701128451381,0.434717887155,0.669915966387,0.569459783914,0.246962785114,0.202593037215,0.703433373349,-0.00705882352941,0.400240096038,0.463529411765,-0.0225210084034,0.175606242497,0.307659063625,0.489075630252,1,-0.387466986795,0.341944777911,0.250900360144,0.595198079232,0.669051620648,0.631308523409,0.489171668667,0.53450180072,0.525090036014,0.561008403361,0.373445378151,0.650324129652,0.620744297719,0.424153661465,0.834237695078,0.203649459784,0.639855942377,0.512028811525,0.71668667467,0.572340936375,0.636782713085,0.404369747899,0.647731092437,0.129219687875,0.188379351741,0.462761104442,0.671356542617,0.401200480192,0.125570228091,0.194333733493,0.294021608643,0.6406242497
NONFLUENCIES,-0.311692677071,-0.408979591837,-0.22631452581,-0.478031212485,-0.261464585834,-0.200864345738,-0.30362545018,-0.356158463385,-0.46237695078,-0.457575030012,-0.315054021609,-0.178199279712,-0.430300120048,-0.264633853541,-0.203361344538,-0.499351740696,-0.343097238896,-0.314573829532,0.49118847539,-0.372100840336,-0.427803121248,-0.147755102041,-0.366146458583,-0.384393757503,-0.426170468187,-0.37056422569,-0.582617046819,-0.169555822329,-0.458631452581,0.049699879952,-0.20787515006,-0.229195678271,0.0617046818727,-0.309963985594,-0.180504201681,-0.105210084034,-0.387466986795,1,-0.504921968788,-0.205666266507,-0.322737094838,-0.395342136855,-0.363553421369,-0.355006002401,-0.275870348139,-0.402352941176,-0.359135654262,-0.59356542617,-0.442208883553,-0.4006242497,-0.231692677071,-0.458535414166,-0.224009603842,-0.446818727491,-0.378919567827,-0.398799519808,-0.338775510204,-0.428475390156,-0.335702280912,-0.395054021609,-0.398799519808,-0.112220888355,-0.0578631452581,-0.486866746699,-0.490996398559,0.0240576230492,-0.403217286915,-0.382665066026,-0.132004801921
NUMBER,0.612677070828,0.134405762305,0.424441776711,0.255222088836,0.770948379352,0.112412965186,0.0918607442977,0.121728691477,0.0871548619448,0.266170468187,0.107995198079,0.32600240096,0.181080432173,0.556110444178,0.200960384154,0.335414165666,-0.008787515006,0.233613445378,-0.153901560624,0.19731092437,0.181080432173,-0.0312605042017,0.114141656663,0.13450180072,0.0822569027611,0.0878271308523,0.557262905162,0.44268907563,0.243409363745,0.295846338535,0.375558223289,-0.170708283313,0.0700600240096,0.314381752701,0.448259303721,-0.164369747899,0.341944777911,-0.504921968788,1,0.553037214886,0.221512605042,0.115102040816,0.0425930372149,0.271356542617,0.00552220888355,0.100408163265,-0.00302521008403,0.724945978391,0.165906362545,0.102809123649,-0.201824729892,0.219303721489,0.486962785114,0.408019207683,0.104921968788,0.160816326531,-0.122977190876,0.308907563025,0.0834093637455,0.0562304921969,0.588475390156,0.463913565426,0.383049219688,0.379495798319,0.409459783914,0.173973589436,0.607683073229,0.0990636254502,-0.0926290516206
OCCUPATION,0.782569027611,-0.0657382953181,0.455558223289,-0.0635294117647,0.505210084034,-0.110780312125,-0.118463385354,0.209219687875,-0.0310684273709,0.159279711885,0.262328931573,0.402545018007,0.0608403361345,0.196638655462,-0.148619447779,0.0774549819928,-0.2,-0.0723649459784,0.0778391356543,-0.0890756302521,0.288451380552,-0.192028811525,0.0725570228091,-0.155726290516,-0.0172388955582,-0.175606242497,0.0770708283313,0.222761104442,0.149579831933,0.684609843938,0.411380552221,-0.161296518607,0.309291716687,-0.11606242497,0.56600240096,-0.0911884753902,0.250900360144,-0.205666266507,0.553037214886,1,0.351356542617,-0.0283793517407,-0.0460504201681,-0.144393757503,-0.271644657863,-0.104537815126,-0.150348139256,0.315342136855,0.0800480192077,-0.0858103241297,-0.20144057623,0.0845618247299,0.837695078031,0.184153661465,-0.179447779112,-0.00465786314526,-0.204321728691,0.0616086434574,-0.351932773109,-0.00446578631453,0.105306122449,0.545834333733,0.404273709484,0.0641056422569,0.0483553421369,0.490516206483,0.196254501801,-0.181944777911,0.224009603842
OPTIMISM,0.621992797119,0.581080432173,0.302472989196,0.504825930372,0.00763505402161,0.455654261705,0.362112845138,0.521824729892,0.494837935174,0.556110444178,0.60393757503,0.424729891957,0.555246098439,0.00504201680672,0.183865546218,0.46237695078,0.375462184874,0.346650660264,-0.182040816327,0.410804321729,0.634093637455,0.230732292917,0.50175270108,0.331092436975,0.468715486194,0.333973589436,0.132484993998,0.219111644658,0.524609843938,0.190780312125,0.386794717887,0.451236494598,0.121344537815,0.136422569028,0.285570228091,0.335414165666,0.595198079232,-0.322737094838,0.221512605042,0.351356542617,1,0.478799519808,0.546026410564,0.210852340936,0.368643457383,0.549003601441,0.523073229292,0.259639855942,0.52144057623,0.434141656663,0.416950780312,0.616422569028,0.234285714286,0.376806722689,0.340024009604,0.475630252101,0.507034813926,0.396782713085,0.252533013205,0.56206482593,0.0559423769508,0.424537815126,0.154573829532,0.444321728691,0.310540216086,0.0954141656663,0.105786314526,0.266266506603,0.664153661465
OTHER,0.148427370948,0.821176470588,0.154669867947,0.730228091236,-0.25512605042,0.709483793517,0.600960384154,0.630828331333,0.857767106843,0.831836734694,0.789579831933,0.309771908764,0.902713085234,-0.00523409363745,0.393805522209,0.77181272509,0.890132052821,0.503289315726,-0.368931572629,0.663865546218,0.731476590636,0.557070828331,0.895606242497,0.79668667467,0.894549819928,0.793709483794,0.401968787515,-0.0444177671068,0.800240096038,-0.36144057623,0.423769507803,0.596926770708,-0.265114045618,0.436542617047,0.0539255702281,0.345594237695,0.669051620648,-0.395342136855,0.115102040816,-0.0283793517407,0.478799519808,1,0.943049219688,0.769987995198,0.72600240096,0.77056422569,0.860072028812,0.304105642257,0.845954381753,0.891572629052,0.583193277311,0.804753901561,0.17368547419,0.643121248499,0.779975990396,0.895510204082,0.823961584634,0.676734693878,0.680672268908,0.944201680672,0.195006002401,0.139495798319,-0.0369267707083,0.719087635054,0.694213685474,-0.236878751501,0.273661464586,0.640912364946,0.503577430972
OTHER REFERENCES,0.164657863145,0.872076830732,0.0146458583433,0.714573829532,-0.309963985594,0.735414165666,0.600576230492,0.658967587035,0.934213685474,0.876014405762,0.809171668667,0.222472989196,0.934405762305,-0.00235294117647,0.430492196879,0.803409363745,0.922400960384,0.543817527011,-0.411476590636,0.741176470588,0.800144057623,0.537863145258,0.918175270108,0.84518607443,0.928835534214,0.857767106843,0.423193277311,-0.0759183673469,0.858343337335,-0.383721488595,0.363649459784,0.688451380552,-0.273661464586,0.50300120048,-0.0660264105642,0.385258103241,0.631308523409,-0.363553421369,0.0425930372149,-0.0460504201681,0.546026410564,0.943049219688,1,0.77968787515,0.750108043217,0.850468187275,0.934021608643,0.318703481393,0.92912364946,0.951116446579,0.6824969988,0.837791116447,0.136134453782,0.618727490996,0.873325330132,0.913181272509,0.861416566627,0.671164465786,0.736566626651,0.993469387755,0.222088835534,0.0941656662665,-0.161296518607,0.739255702281,0.723889555822,-0.362785114046,0.284897959184,0.776902761104,0.595486194478
PAST,0.148619447779,0.830780312125,-0.04393757503,0.68518607443,0.00456182472989,0.692581032413,0.618343337335,0.530084033613,0.786986794718,0.781512605042,0.452677070828,0.084849939976,0.81781512605,0.423481392557,0.631788715486,0.801008403361,0.816566626651,0.743673469388,-0.3218727491,0.74300120048,0.4818727491,0.585786314526,0.667418967587,0.887923169268,0.780840336134,0.887827130852,0.723025210084,0.107803121248,0.758847539016,-0.33637454982,0.373637454982,0.269819927971,-0.165330132053,0.827803121248,-0.179447779112,0.0243457382953,0.489171668667,-0.355006002401,0.271356542617,-0.144393757503,0.210852340936,0.769987995198,0.77968787515,1,0.794093637455,0.832797118848,0.810900360144,0.576086434574,0.803793517407,0.879759903962,0.272893157263,0.679135654262,-0.0168547418968,0.671548619448,0.898583433373,0.802641056423,0.661848739496,0.791020408163,0.896182472989,0.769219687875,0.659255702281,0.136710684274,-0.0620888355342,0.834717887155,0.875054021609,-0.42818727491,0.685858343337,0.831452581032,0.170996398559
PHYSICAL,0.0656422569028,0.826554621849,-0.0146458583433,0.721200480192,-0.207683073229,0.734261704682,0.849507803121,0.633229291717,0.768355342137,0.679423769508,0.446050420168,0.137671068427,0.748571428571,0.255894357743,0.774789915966,0.686914765906,0.757887154862,0.73762304922,-0.243025210084,0.800816326531,0.473805522209,0.757983193277,0.637454981993,0.787274909964,0.755966386555,0.845570228091,0.49368547419,0.105114045618,0.658583433373,-0.265018007203,0.373925570228,0.329075630252,-0.0036974789916,0.671260504202,-0.101176470588,0.194429771909,0.53450180072,-0.275870348139,0.00552220888355,-0.271644657863,0.368643457383,0.72600240096,0.750108043217,0.794093637455,1,0.81762304922,0.819735894358,0.290468187275,0.723121248499,0.821464585834,0.316014405762,0.718991596639,-0.211332533013,0.494549819928,0.817046818727,0.755582232893,0.797166866747,0.71543817527,0.833853541417,0.743577430972,0.424537815126,0.118271308523,0.0239615846339,0.68787515006,0.692004801921,-0.32206482593,0.441920768307,0.682977190876,0.370852340936
POSITIVE EMOTION,0.257238895558,0.978199279712,-0.108763505402,0.717743097239,-0.21037214886,0.751644657863,0.56849939976,0.646770708283,0.893493397359,0.836158463385,0.549387755102,0.0335654261705,0.886386554622,0.209219687875,0.614597839136,0.806866746699,0.84643457383,0.754237695078,-0.377767106843,0.833277310924,0.620264105642,0.564177671068,0.698151260504,0.864009603842,0.840192076831,0.901176470588,0.598271308523,-0.0139735894358,0.819447779112,-0.292004801921,0.459399759904,0.414741896759,-0.114621848739,0.705162064826,-0.0842737094838,0.137478991597,0.525090036014,-0.402352941176,0.100408163265,-0.104537815126,0.549003601441,0.77056422569,0.850468187275,0.832797118848,0.81762304922,1,0.960336134454,0.422136854742,0.879087635054,0.91481392557,0.416758703481,0.769795918367,0.00888355342137,0.563889555822,0.910108043217,0.806290516206,0.828571428571,0.836254501801,0.853253301321,0.849507803121,0.475342136855,0.240528211285,-0.15418967587,0.841536614646,0.800336134454,-0.388715486194,0.490516206483,0.835006002401,0.385258103241
POSITIVE FEELING,0.141032412965,0.950156062425,-0.103289315726,0.719663865546,-0.341368547419,0.783721488595,0.592893157263,0.650996398559,0.939399759904,0.847202881152,0.671068427371,0.0860984393758,0.913181272509,0.0618967587035,0.542857142857,0.796878751501,0.912989195678,0.653301320528,-0.410228091236,0.807346938776,0.709675870348,0.574069627851,0.813493397359,0.873517406963,0.896470588235,0.921824729892,0.484081632653,-0.0928211284514,0.83212484994,-0.410516206483,0.392653061224,0.583481392557,-0.220264105642,0.606722689076,-0.113085234094,0.291620648259,0.561008403361,-0.359135654262,-0.00302521008403,-0.150348139256,0.523073229292,0.860072028812,0.934021608643,0.810900360144,0.819735894358,0.960336134454,1,0.322256902761,0.907130852341,0.957262905162,0.58300120048,0.803121248499,0.0415366146459,0.574741896759,0.925666266507,0.86756302521,0.894165666267,0.771428571429,0.827515006002,0.924993997599,0.3193757503,0.117791116447,-0.208931572629,0.786698679472,0.756446578631,-0.407731092437,0.348283313325,0.832989195678,0.493109243697
PREPOSITIONS,0.552653061224,0.418199279712,0.154573829532,0.441824729892,0.645234093637,0.272797118848,0.37037214886,0.379783913565,0.419735894358,0.573109243697,0.219879951981,0.135174069628,0.469099639856,0.676158463385,0.408019207683,0.661176470588,0.257142857143,0.578199279712,-0.322737094838,0.382761104442,0.393037214886,0.14218487395,0.30881152461,0.436830732293,0.304105642257,0.422328931573,0.854789915966,0.488691476591,0.556206482593,0.0713085234094,0.149003601441,0.0339495798319,0.00753901560624,0.68,-0.010612244898,-0.00484993997599,0.373445378151,-0.59356542617,0.724945978391,0.315342136855,0.259639855942,0.304105642257,0.318703481393,0.576086434574,0.290468187275,0.422136854742,0.322256902761,1,0.486578631453,0.405522208884,0.0220408163265,0.431932773109,0.228715486194,0.701800720288,0.462857142857,0.446530612245,0.0698679471789,0.555150060024,0.486674669868,0.306794717887,0.819351740696,0.262617046819,0.143337334934,0.659735894358,0.679711884754,-0.212292917167,0.848259303721,0.521056422569,-0.0337575030012
PRESENT,0.342521008403,0.894933973589,0.019543817527,0.701224489796,-0.178391356543,0.684801920768,0.583769507803,0.723409363745,0.963793517407,0.94093637455,0.717647058824,0.160336134454,0.964369747899,0.172052821128,0.475630252101,0.903481392557,0.889171668667,0.66424969988,-0.499927971188,0.741080432173,0.831836734694,0.510396158463,0.834333733493,0.852869147659,0.914045618247,0.899351740696,0.564081632653,-0.0578631452581,0.925090036014,-0.284801920768,0.400240096038,0.56600240096,-0.194717887155,0.604417767107,-0.0841776710684,0.330132052821,0.650324129652,-0.442208883553,0.165906362545,0.0800480192077,0.52144057623,0.845954381753,0.92912364946,0.803793517407,0.723121248499,0.879087635054,0.907130852341,0.486578631453,1,0.951020408163,0.563409363745,0.861032412965,0.196638655462,0.667226890756,0.914717887155,0.873901560624,0.793229291717,0.769027611044,0.751548619448,0.929411764706,0.399567827131,0.175606242497,-0.10175270108,0.868139255702,0.794957983193,-0.374789915966,0.451428571429,0.81118847539,0.528355342137
PRONOUN,0.169651860744,0.923553421369,-0.0454741896759,0.752989195678,-0.264057623049,0.768259303721,0.631212484994,0.659735894358,0.959951980792,0.89118847539,0.695558223289,0.130180072029,0.945354141657,0.141512605042,0.553133253301,0.850852340936,0.939495798319,0.662328931573,-0.45699879952,0.821944777911,0.733973589436,0.589531812725,0.856806722689,0.914045618247,0.932581032413,0.964657863145,0.553133253301,-0.086962785114,0.876590636255,-0.393613445378,0.420408163265,0.556398559424,-0.251284513806,0.642160864346,-0.0941656662665,0.287010804322,0.620744297719,-0.4006242497,0.102809123649,-0.0858103241297,0.434141656663,0.891572629052,0.951116446579,0.879759903962,0.821464585834,0.91481392557,0.957262905162,0.405522208884,0.951020408163,1,0.554957983193,0.848259303721,0.0973349339736,0.61968787515,0.964657863145,0.907226890756,0.859975990396,0.791404561825,0.832028811525,0.94756302521,0.386410564226,0.11731092437,-0.145066026411,0.834333733493,0.814837935174,-0.398415366146,0.433277310924,0.853637454982,0.479087635054
RELIGION,-0.106842737095,0.427418967587,-0.0614165666267,0.379015606242,-0.480720288115,0.429051620648,0.264825930372,0.393037214886,0.59356542617,0.519327731092,0.67087635054,0.200768307323,0.550924369748,-0.430396158463,0.026362545018,0.422040816327,0.639759903962,0.0112845138055,-0.485522208884,0.304585834334,0.688355342137,0.154669867947,0.678847539016,0.418007202881,0.589243697479,0.460456182473,-0.02818727491,-0.270204081633,0.518175270108,-0.588091236495,-0.152557022809,0.995582232893,-0.501944777911,-0.0346218487395,-0.214885954382,0.730708283313,0.424153661465,-0.231692677071,-0.201824729892,-0.20144057623,0.416950780312,0.583193277311,0.6824969988,0.272893157263,0.316014405762,0.416758703481,0.58300120048,0.0220408163265,0.563409363745,0.554957983193,1,0.555246098439,0.0203121248499,0.34818727491,0.488595438175,0.543241296519,0.614789915966,0.194621848739,0.324753901561,0.668955582233,-0.27212484994,-0.285954381753,-0.347995198079,0.320048019208,0.216518607443,-0.366338535414,-0.224777911164,0.463337334934,0.587322929172
SAD,0.381992797119,0.827707082833,0.229099639856,0.769027611044,-0.131716686675,0.688835534214,0.680576230492,0.646578631453,0.849891956783,0.843265306122,0.699399759904,0.378919567827,0.872941176471,0.105306122449,0.432797118848,0.799567827131,0.780840336134,0.527779111645,-0.507418967587,0.702665066026,0.796398559424,0.520192076831,0.796014405762,0.74693877551,0.846050420168,0.789195678271,0.406194477791,0.0785114045618,0.794477791116,-0.214213685474,0.435390156062,0.579639855942,-0.114141656663,0.415030012005,0.103865546218,0.415990396158,0.834237695078,-0.458535414166,0.219303721489,0.0845618247299,0.616422569028,0.804753901561,0.837791116447,0.679135654262,0.718991596639,0.769795918367,0.803121248499,0.431932773109,0.861032412965,0.848259303721,0.555246098439,1,0.120768307323,0.600576230492,0.78093637455,0.811764705882,0.734837935174,0.689027611044,0.650228091236,0.843841536615,0.255510204082,0.23006002401,0.0804321728691,0.776134453782,0.679327731092,-0.23668667467,0.332244897959,0.643889555822,0.605090036014
SCHOOL,0.533349339736,0.0225210084034,0.233037214886,-0.0356782713085,0.254453781513,-0.0183913565426,-0.185882352941,0.152076830732,0.119807923169,0.229099639856,0.384201680672,0.290948379352,0.184345738295,-0.0340456182473,-0.104921968788,0.133925570228,0.0207923169268,-0.148139255702,-0.0499879951981,0.0204081632653,0.398799519808,-0.24974789916,0.242929171669,0.00629051620648,0.143337334934,-0.00177671068427,0.0782232893157,-0.104633853541,0.218919567827,0.28787515006,0.420984393758,0.0528691476591,-0.0836974789916,-0.0924369747899,0.526338535414,-0.0759183673469,0.203649459784,-0.224009603842,0.486962785114,0.837695078031,0.234285714286,0.17368547419,0.136134453782,-0.0168547418968,-0.211332533013,0.00888355342137,0.0415366146459,0.228715486194,0.196638655462,0.0973349339736,0.0203121248499,0.120768307323,1,0.200960384154,0.000144057623049,0.120096038415,-0.0282833133253,0.116254501801,-0.225546218487,0.169171668667,0.014549819928,0.462665066026,0.118943577431,0.115678271309,0.166290516206,0.318511404562,0.099543817527,-0.00648259303721,0.216134453782
SEE,0.348091236495,0.601344537815,0.327442977191,0.662136854742,0.237454981993,0.568307322929,0.564081632653,0.62362545018,0.627178871549,0.775366146459,0.566386554622,0.373157262905,0.693925570228,0.339255702281,0.330420168067,0.763073229292,0.519903961585,0.625930372149,-0.290180072029,0.478415366146,0.599423769508,0.338871548619,0.666266506603,0.526050420168,0.554669867947,0.598847539016,0.59481392557,0.203649459784,0.780648259304,-0.128547418968,0.207106842737,0.362977190876,-0.099543817527,0.502809123649,0.102809123649,0.298055222089,0.639855942377,-0.446818727491,0.408019207683,0.184153661465,0.376806722689,0.643121248499,0.618727490996,0.671548619448,0.494549819928,0.563889555822,0.574741896759,0.701800720288,0.667226890756,0.61968787515,0.34818727491,0.600576230492,0.200960384154,1,0.581464585834,0.785738295318,0.430396158463,0.680864345738,0.551020408163,0.611716686675,0.506074429772,0.0324129651861,0.228235294118,0.751068427371,0.594237695078,-0.0896518607443,0.558703481393,0.488307322929,0.384681872749
SELF,0.120480192077,0.894741896759,-0.168595438175,0.706410564226,-0.223241296519,0.744921968788,0.607779111645,0.578295318127,0.9224969988,0.835006002401,0.547466986795,0.00494597839136,0.89118847539,0.245426170468,0.608643457383,0.834237695078,0.894837935174,0.702280912365,-0.471788715486,0.821272509004,0.648787515006,0.570996398559,0.745402160864,0.931044417767,0.867370948379,0.980888355342,0.624201680672,-0.074093637455,0.81637454982,-0.448163265306,0.332917166867,0.482545018007,-0.266554621849,0.747707082833,-0.216710684274,0.207587034814,0.512028811525,-0.378919567827,0.104921968788,-0.179447779112,0.340024009604,0.779975990396,0.873325330132,0.898583433373,0.817046818727,0.910108043217,0.925666266507,0.462857142857,0.914717887155,0.964657863145,0.488595438175,0.78093637455,0.000144057623049,0.581464585834,1,0.832220888355,0.7993757503,0.782665066026,0.884465786315,0.861704681873,0.504153661465,0.0822569027611,-0.205474189676,0.839903961585,0.845282112845,-0.518271308523,0.522977190876,0.91606242497,0.352028811525
SENSES,0.204897959184,0.850180072029,0.146986794718,0.843361344538,-0.149291716687,0.800528211285,0.663961584634,0.722352941176,0.886098439376,0.914429771909,0.794285714286,0.285474189676,0.909147659064,0.105402160864,0.461320528211,0.849219687875,0.812821128451,0.675678271309,-0.374117647059,0.757599039616,0.710924369748,0.561392557023,0.929219687875,0.765666266507,0.840576230492,0.852388955582,0.523073229292,0.0314525810324,0.905402160864,-0.312941176471,0.367779111645,0.55274909964,-0.230636254502,0.533253301321,0.0624729891957,0.3612484994,0.71668667467,-0.398799519808,0.160816326531,-0.00465786314526,0.475630252101,0.895510204082,0.913181272509,0.802641056423,0.755582232893,0.806290516206,0.86756302521,0.446530612245,0.873901560624,0.907226890756,0.543241296519,0.811764705882,0.120096038415,0.785738295318,0.832220888355,1,0.784585834334,0.78362545018,0.715726290516,0.909819927971,0.325042016807,0.0199279711885,-0.0102280912365,0.795342136855,0.716782713085,-0.252533013205,0.393421368547,0.688547418968,0.534789915966
SEXUAL,0.0379831932773,0.845666266507,-0.00264105642257,0.707370948379,-0.499639855942,0.755006002401,0.58549819928,0.63668667467,0.839039615846,0.73368547419,0.650228091236,0.11606242497,0.820984393758,-0.110204081633,0.405522208884,0.650708283313,0.870924369748,0.511740696279,-0.41762304922,0.704969987995,0.651380552221,0.594621848739,0.750108043217,0.745018007203,0.861704681873,0.834141656663,0.250804321729,-0.211044417767,0.720432172869,-0.405234093637,0.3624969988,0.614213685474,-0.209987995198,0.379783913565,-0.0695798319328,0.411476590636,0.572340936375,-0.338775510204,-0.122977190876,-0.204321728691,0.507034813926,0.823961584634,0.861416566627,0.661848739496,0.797166866747,0.828571428571,0.894165666267,0.0698679471789,0.793229291717,0.859975990396,0.614789915966,0.734837935174,-0.0282833133253,0.430396158463,0.7993757503,0.784585834334,1,0.648787515006,0.667707082833,0.869387755102,0.091668667467,0.0280912364946,-0.148619447779,0.642929171669,0.540264105642,-0.258199279712,0.123265306122,0.625738295318,0.568979591837
SIMILARITIES,0.391980792317,0.873133253301,0.148907563025,0.761632653061,0.0294357743097,0.700744297719,0.595102040816,0.706026410564,0.767298919568,0.850756302521,0.446818727491,0.129603841537,0.834045618247,0.342328931573,0.576278511405,0.859783913565,0.671836734694,0.827995198079,-0.311212484994,0.697478991597,0.502617046819,0.512220888355,0.613925570228,0.670492196879,0.703817527011,0.82300120048,0.691140456182,0.0689075630252,0.807442977191,-0.164369747899,0.481296518607,0.204321728691,-0.0763985594238,0.664441776711,0.0952220888355,0.0627611044418,0.636782713085,-0.428475390156,0.308907563025,0.0616086434574,0.396782713085,0.676734693878,0.671164465786,0.791020408163,0.71543817527,0.836254501801,0.771428571429,0.555150060024,0.769027611044,0.791404561825,0.194621848739,0.689027611044,0.116254501801,0.680864345738,0.782665066026,0.78362545018,0.648787515006,1,0.709675870348,0.68,0.561776710684,0.301128451381,0.132100840336,0.924225690276,0.714381752701,-0.206530612245,0.611332533013,0.634285714286,0.219399759904
SLEEP,0.0295318127251,0.830204081633,-0.191644657863,0.66693877551,-0.115870348139,0.680384153661,0.606050420168,0.456902761104,0.772773109244,0.687971188475,0.347995198079,-0.0444177671068,0.745882352941,0.340792316927,0.701992797119,0.725906362545,0.787466986795,0.757887154862,-0.304777911164,0.757022809124,0.427995198079,0.55668667467,0.587803121248,0.880720288115,0.734837935174,0.865642256903,0.661368547419,0.104537815126,0.662232893157,-0.405138055222,0.309675870348,0.314861944778,-0.170996398559,0.832316926771,-0.273949579832,0.0795678271309,0.404369747899,-0.335702280912,0.0834093637455,-0.351932773109,0.252533013205,0.680672268908,0.736566626651,0.896182472989,0.833853541417,0.853253301321,0.827515006002,0.486674669868,0.751548619448,0.832028811525,0.324753901561,0.650228091236,-0.225546218487,0.551020408163,0.884465786315,0.715726290516,0.667707082833,0.709675870348,1,0.715342136855,0.599903961585,0.080912364946,-0.14881152461,0.760288115246,0.835102040816,-0.497142857143,0.587611044418,0.86237695078,0.169555822329
SOCIAL,0.18818727491,0.872268907563,0.0405762304922,0.717551020408,-0.313805522209,0.737430972389,0.58818727491,0.685282112845,0.929315726291,0.881200480192,0.832220888355,0.238991596639,0.941128451381,-0.0197358943577,0.431452581032,0.795918367347,0.924225690276,0.525762304922,-0.41368547419,0.745402160864,0.810132052821,0.544585834334,0.925090036014,0.839615846339,0.940456182473,0.848355342137,0.407539015606,-0.0878271308523,0.858343337335,-0.350204081633,0.398319327731,0.674909963986,-0.246962785114,0.479087635054,-0.0259783913565,0.378151260504,0.647731092437,-0.395054021609,0.0562304921969,-0.00446578631453,0.56206482593,0.944201680672,0.993469387755,0.769219687875,0.743577430972,0.849507803121,0.924993997599,0.306794717887,0.929411764706,0.94756302521,0.668955582233,0.843841536615,0.169171668667,0.611716686675,0.861704681873,0.909819927971,0.869387755102,0.68,0.715342136855,1,0.207779111645,0.118175270108,-0.140744297719,0.743673469388,0.716206482593,-0.318319327731,0.275774309724,0.755294117647,0.61056422569
SPACE,0.37181272509,0.435390156062,-0.0641056422569,0.35087635054,0.555630252101,0.270780312125,0.362785114046,0.221320528211,0.337334933974,0.40206482593,-0.0559423769508,-0.061512605042,0.364705882353,0.877070828331,0.584345738295,0.530660264106,0.253301320528,0.70881152461,-0.141128451381,0.467370948379,0.115774309724,0.294597839136,0.109339735894,0.532292917167,0.239183673469,0.473517406963,0.881104441777,0.39150060024,0.406482593037,0.114429771909,0.275582232893,-0.271260504202,0.145930372149,0.881104441777,-0.104057623049,-0.329171668667,0.129219687875,-0.398799519808,0.588475390156,0.105306122449,0.0559423769508,0.195006002401,0.222088835534,0.659255702281,0.424537815126,0.475342136855,0.3193757503,0.819351740696,0.399567827131,0.386410564226,-0.27212484994,0.255510204082,0.014549819928,0.506074429772,0.504153661465,0.325042016807,0.091668667467,0.561776710684,0.599903961585,0.207779111645,1,0.30237695078,0.129507803121,0.606050420168,0.726194477791,-0.245522208884,0.964081632653,0.55006002401,-0.234861944778
SPORTS,0.667226890756,0.259159663866,0.156494597839,0.0451860744298,0.329363745498,0.0275150060024,0.0529651860744,0.137094837935,0.0985834333733,0.189147659064,0.0315486194478,0.0970468187275,0.21575030012,0.305738295318,0.238703481393,0.211140456182,0.0528691476591,0.1975030012,0.115774309724,0.194333733493,0.131908763505,0.0708283313325,0.00417767106843,0.135654261705,0.160816326531,0.0689075630252,0.247442977191,0.177719087635,0.102809123649,0.422328931573,0.675006002401,-0.247731092437,0.179255702281,0.240240096038,0.409267707083,-0.305642256903,0.188379351741,-0.112220888355,0.463913565426,0.545834333733,0.424537815126,0.139495798319,0.0941656662665,0.136710684274,0.118271308523,0.240528211285,0.117791116447,0.262617046819,0.175606242497,0.11731092437,-0.285954381753,0.23006002401,0.462665066026,0.0324129651861,0.0822569027611,0.0199279711885,0.0280912364946,0.301128451381,0.080912364946,0.118175270108,0.30237695078,1,0.233037214886,0.260792316927,0.333013205282,0.170996398559,0.384009603842,0.108763505402,-0.0356782713085
SWEAR,0.382088835534,-0.0499879951981,0.771716686675,0.161584633854,0.444801920768,0.0846578631453,0.293733493397,0.182232893157,-0.148715486194,0.0276110444178,-0.0398079231693,0.478607442977,-0.0522929171669,0.313229291717,0.00897959183673,0.0337575030012,-0.217094837935,0.163601440576,0.273949579832,-0.0770708283313,-0.0142617046819,0.132869147659,-0.0543097238896,-0.176182472989,-0.0619927971188,-0.117214885954,-0.0316446578631,0.442881152461,0.00321728691477,0.586842737095,0.285474189676,-0.304393757503,0.508763505402,-0.0844657863145,0.450852340936,0.0251140456182,0.462761104442,-0.0578631452581,0.383049219688,0.404273709484,0.154573829532,-0.0369267707083,-0.161296518607,-0.0620888355342,0.0239615846339,-0.15418967587,-0.208931572629,0.143337334934,-0.10175270108,-0.145066026411,-0.347995198079,0.0804321728691,0.118943577431,0.228235294118,-0.205474189676,-0.0102280912365,-0.148619447779,0.132100840336,-0.14881152461,-0.140744297719,0.129507803121,0.233037214886,1,0.0651620648259,-0.094549819928,0.604033613445,0.136230492197,-0.387178871549,0.185306122449
TENTATIVENESS,0.43606242497,0.871692677071,0.139207683073,0.77056422569,0.0704441776711,0.678943577431,0.591836734694,0.694405762305,0.829243697479,0.910012004802,0.502617046819,0.157551020408,0.898487394958,0.374405762305,0.517214885954,0.938535414166,0.750588235294,0.795246098439,-0.44,0.682016806723,0.622665066026,0.471788715486,0.65781512605,0.745978391357,0.755678271309,0.845954381753,0.725330132053,0.114237695078,0.873133253301,-0.23399759904,0.390444177671,0.326674669868,-0.147274909964,0.690276110444,-0.00264105642257,0.163025210084,0.671356542617,-0.486866746699,0.379495798319,0.0641056422569,0.444321728691,0.719087635054,0.739255702281,0.834717887155,0.68787515006,0.841536614646,0.786698679472,0.659735894358,0.868139255702,0.834333733493,0.320048019208,0.776134453782,0.115678271309,0.751068427371,0.839903961585,0.795342136855,0.642929171669,0.924225690276,0.760288115246,0.743673469388,0.606050420168,0.260792316927,0.0651620648259,1,0.779879951981,-0.299783913565,0.638799519808,0.713133253301,0.283361344538
TIME,0.305450180072,0.777767106843,-0.158319327731,0.580120048019,0.0965666266507,0.56725090036,0.500216086435,0.401200480192,0.760480192077,0.734357743097,0.410996398559,0.025306122449,0.773733493397,0.513181272509,0.650612244898,0.772100840336,0.738007202881,0.685858343337,-0.443073229292,0.773349339736,0.520672268908,0.466410564226,0.615942376951,0.888403361345,0.715918367347,0.80581032413,0.787370948379,0.136038415366,0.700072028812,-0.221320528211,0.504729891957,0.216422569028,-0.16331332533,0.837214885954,-0.0555582232893,-0.0687154861945,0.401200480192,-0.490996398559,0.409459783914,0.0483553421369,0.310540216086,0.694213685474,0.723889555822,0.875054021609,0.692004801921,0.800336134454,0.756446578631,0.679711884754,0.794957983193,0.814837935174,0.216518607443,0.679327731092,0.166290516206,0.594237695078,0.845282112845,0.716782713085,0.540264105642,0.714381752701,0.835102040816,0.716206482593,0.726194477791,0.333013205282,-0.094549819928,0.779879951981,1,-0.461992797119,0.767587034814,0.854213685474,0.107995198079
TV,0.226698679472,-0.329267707083,0.630924369748,-0.0879231692677,0.285858343337,-0.105786314526,-0.184825930372,-0.0335654261705,-0.393613445378,-0.284609843938,-0.012725090036,0.39399759904,-0.340120048019,-0.0661224489796,-0.248787515006,-0.357887154862,-0.457863145258,-0.220840336134,0.508859543818,-0.267515006002,-0.153133253301,-0.127779111645,-0.205282112845,-0.465162064826,-0.309963985594,-0.428571428571,-0.350780312125,0.126530612245,-0.247827130852,0.65637454982,0.251668667467,-0.328787515006,0.457671068427,-0.436254501801,0.613829531813,-0.0742857142857,0.125570228091,0.0240576230492,0.173973589436,0.490516206483,0.0954141656663,-0.236878751501,-0.362785114046,-0.42818727491,-0.32206482593,-0.388715486194,-0.407731092437,-0.212292917167,-0.374789915966,-0.398415366146,-0.366338535414,-0.23668667467,0.318511404562,-0.0896518607443,-0.518271308523,-0.252533013205,-0.258199279712,-0.206530612245,-0.497142857143,-0.318319327731,-0.245522208884,0.170996398559,0.604033613445,-0.299783913565,-0.461992797119,1,-0.234957983193,-0.628427370948,0.19212484994
UP,0.4375030012,0.462665066026,-0.0333733493397,0.357599039616,0.537671068427,0.315630252101,0.397454981993,0.274621848739,0.36787515006,0.465738295318,0.0319327731092,0.00062424969988,0.430204081633,0.848355342137,0.594429771909,0.571380552221,0.303817527011,0.697094837935,-0.168307322929,0.506458583433,0.188475390156,0.350204081633,0.185882352941,0.556590636255,0.301320528211,0.494453781513,0.872364945978,0.393325330132,0.444321728691,0.132004801921,0.347322929172,-0.216518607443,0.141800720288,0.863241296519,-0.0593037214886,-0.294693877551,0.194333733493,-0.403217286915,0.607683073229,0.196254501801,0.105786314526,0.273661464586,0.284897959184,0.685858343337,0.441920768307,0.490516206483,0.348283313325,0.848259303721,0.451428571429,0.433277310924,-0.224777911164,0.332244897959,0.099543817527,0.558703481393,0.522977190876,0.393421368547,0.123265306122,0.611332533013,0.587611044418,0.275774309724,0.964081632653,0.384009603842,0.136230492197,0.638799519808,0.767587034814,-0.234957983193,1,0.569075630252,-0.194621848739
WE,0.105882352941,0.778727490996,-0.364225690276,0.530660264106,-0.133637454982,0.561008403361,0.458631452581,0.421848739496,0.820504201681,0.708619447779,0.428667466987,-0.124801920768,0.757599039616,0.280192076831,0.580792316927,0.734645858343,0.787947178872,0.592028811525,-0.406482593037,0.731476590636,0.544201680672,0.42300120048,0.625354141657,0.872653061224,0.747995198079,0.848163265306,0.693541416567,-0.0297238895558,0.70237695078,-0.459207683073,0.236974789916,0.444225690276,-0.322929171669,0.783433373349,-0.338103241297,0.0870588235294,0.294021608643,-0.382665066026,0.0990636254502,-0.181944777911,0.266266506603,0.640912364946,0.776902761104,0.831452581032,0.682977190876,0.835006002401,0.832989195678,0.521056422569,0.81118847539,0.853637454982,0.463337334934,0.643889555822,-0.00648259303721,0.488307322929,0.91606242497,0.688547418968,0.625738295318,0.634285714286,0.86237695078,0.755294117647,0.55006002401,0.108763505402,-0.387178871549,0.713133253301,0.854213685474,-0.628427370948,0.569075630252,1,0.178007202881
YOU,0.253205282113,0.425594237695,0.342136854742,0.431068427371,-0.303049219688,0.503481392557,0.434621848739,0.539015606242,0.513277310924,0.502040816327,0.745402160864,0.452869147659,0.493589435774,-0.260792316927,0.0882112845138,0.321392557023,0.426362545018,0.164081632653,-0.20393757503,0.363265306122,0.72206482593,0.330516206483,0.643121248499,0.298727490996,0.505210084034,0.386890756303,-0.169075630252,-0.0432653061224,0.519519807923,0.0667947178872,0.202112845138,0.618151260504,0.0841776710684,-0.080144057623,0.229387755102,0.619591836735,0.6406242497,-0.132004801921,-0.0926290516206,0.224009603842,0.664153661465,0.503577430972,0.595486194478,0.170996398559,0.370852340936,0.385258103241,0.493109243697,-0.0337575030012,0.528355342137,0.479087635054,0.587322929172,0.605090036014,0.216134453782,0.384681872749,0.352028811525,0.534789915966,0.568979591837,0.219399759904,0.169555822329,0.61056422569,-0.234861944778,-0.0356782713085,0.185306122449,0.283361344538,0.107995198079,0.19212484994,-0.194621848739,0.178007202881,1
