STATE,ACHIEVE,AFFECT,ANGER,ANXIETY,ARTICLE,ASSENT,BODY,CAUSE,CERTAIN,COGNITIVE PROCESSES,COMMUNICATION VERBS,DEATH,DISCREPANCIES,DOWN,EATING,EXCLUSIVE,FAMILY,FEEL,FILLERS,FRIENDS,FUTURE,GROOM,HEAR,HOME,HUMANS,I,INCLUSIVE,INHIBITION,INSIGHT,JOB,LEISURE,METAPHYSICAL,MONEY,MOTION,MUSIC,NEGATIONS,NEGATIVE EMOTION,NONFLUENCIES,NUMBER,OCCUPATION,OPTIMISM,OTHER,OTHER REFERENCES,PAST,PHYSICAL,POSITIVE EMOTION,POSITIVE FEELING,PREPS,PRESENT,PRONOUN,RELIGION,SAD,SCHOOL,SEE,SELF,SENSES,SEXUAL,SIMILARITIES,SLEEP,SOCIAL,SPACE,SPORTS,SWEAR,TENTATIVENESS,TIME,TV,UP,WE,YOU
VT,0.008941961987,0.0340566779,0.002878997298,0.001677565163,0.06433414557,0.0009560934923,0.00566628923,0.006296208634,0.0080392995,0.04450955849,0.01043473854,0.0008521403328,0.01328702034,0.002783158302,0.002714187907,0.02539871165,0.002774202102,0.002686017979,0.0004050192688,0.0013558309,0.008202042075,0.0009159819639,0.004998325114,0.003999364339,0.005092709684,0.03033579779,0.05835438933,0.002980271252,0.01337658234,0.005920966816,0.009307099373,0.003380467952,0.003680462379,0.009727045642,0.001535490742,0.006648638933,0.009075309854,0.00005802392852,0.007915596771,0.01965043875,0.005761975128,0.01565918857,0.03591214228,0.03023628446,0.01097532559,0.02486011487,0.005511967014,0.1162424439,0.06280255881,0.0783085734,0.002528327619,0.002272501802,0.006576223846,0.005439628475,0.04128731673,0.0141044841,0.001863502,0.00208687116,0.0009449173794,0.05987235042,0.02411453036,0.002416336844,0.0004580675307,0.01630097303,0.03562500804,0.001391349505,0.01217729357,0.01095151894,0.008058130484
RI,0.008581199912,0.03428318459,0.00326875319,0.001666442091,0.06211945221,0.001045720667,0.005774768099,0.006406791297,0.007893631565,0.04490141963,0.01095080505,0.001262819847,0.01336780754,0.002577768028,0.002416301608,0.02492251276,0.00290911149,0.002642950348,0.0004825594364,0.001289365872,0.008302072395,0.0008675206135,0.005485390136,0.003715392262,0.005539358294,0.02996240277,0.05525217936,0.002847345984,0.01350631997,0.006100679701,0.01027112166,0.003980677297,0.003902002937,0.008839738927,0.002644702561,0.006920189681,0.009720313527,0.00009733542734,0.007787885515,0.02058131766,0.005734116759,0.01643969961,0.03603163025,0.03042393565,0.01114687767,0.02446755068,0.005681112319,0.1113141439,0.0625497957,0.07754313116,0.00271785745,0.002286112188,0.007607407585,0.005632926464,0.03814015566,0.01465261766,0.002373021949,0.002101078505,0.0008267816632,0.06087520582,0.02233791111,0.002041328044,0.0007529258889,0.01570771266,0.03387290394,0.001945394387,0.01132174852,0.008177752889,0.01010974285
HI,0.008110317487,0.03533385707,0.002855494966,0.001702932817,0.06069894129,0.001124908352,0.006316848544,0.006863011027,0.008250329862,0.04639621735,0.01152279599,0.0008961032434,0.01413788327,0.002514271163,0.002884471335,0.02597593254,0.003209223094,0.002935871327,0.0005403311386,0.001377640006,0.008404830421,0.001012670008,0.005699146892,0.003830471646,0.005548072999,0.03303179874,0.05620357619,0.002943806764,0.01399624774,0.005727642326,0.008379881887,0.005196629315,0.004183298021,0.009800325161,0.001352150419,0.007139669227,0.009247309346,0.0001333995101,0.007327354342,0.01783116804,0.005730107121,0.01726582825,0.03927770928,0.03242395627,0.01240825853,0.02594455149,0.006440809694,0.1128909736,0.06443070091,0.08478281309,0.004300526071,0.002259435415,0.005517774057,0.00570786385,0.04343287257,0.01544873335,0.002416460886,0.002218255305,0.0009705881434,0.06481767371,0.02276875342,0.001775433858,0.0004714371149,0.01660905058,0.03340476429,0.001388641407,0.01154552019,0.01040107383,0.01019180673
NY,0.008588786901,0.03403137966,0.003157286971,0.001679101757,0.06245398418,0.0009952336004,0.006027078589,0.006528927357,0.007803809018,0.04394001351,0.01109839874,0.0009865110713,0.01309695193,0.002468087827,0.002548181928,0.02483782412,0.002709135961,0.002625162971,0.000511068591,0.001300213794,0.008142714579,0.0009457429453,0.00538308343,0.003483591113,0.005583542464,0.02644295843,0.0550271933,0.003033222174,0.01302962833,0.006481913224,0.009527358874,0.004212643363,0.004463169912,0.008518340296,0.001908234738,0.007004668214,0.009616414204,0.0001009605384,0.007691927913,0.01940209719,0.005922865751,0.01746886848,0.03610052865,0.02813513901,0.01144298339,0.024266583,0.005500325359,0.1116957736,0.0605415125,0.07390669464,0.003226132291,0.002364054014,0.00597422623,0.005508480974,0.03403512925,0.01440167121,0.002326697322,0.002030847438,0.0008122395164,0.06131921996,0.02141846344,0.002247170136,0.0005840712855,0.01561669862,0.03233811498,0.001942249617,0.01112495422,0.007592170825,0.009785484069
GA,0.008524739303,0.03642256839,0.002991704499,0.001743424863,0.05975318245,0.001097689497,0.00624529291,0.006808099901,0.008700351251,0.04776137939,0.0123137981,0.001012611672,0.01478744827,0.002493068711,0.002598924558,0.02665241538,0.003762457053,0.002765148735,0.0004026086246,0.001382188569,0.009326851791,0.001062159263,0.006324859324,0.004233407183,0.006124041853,0.03272694638,0.05616398581,0.00298622983,0.01431631443,0.005835133651,0.008995028064,0.007218828673,0.004018443756,0.009208135983,0.001447149741,0.007639000329,0.009802725448,0.00008682310564,0.007449775194,0.01843763787,0.006130655547,0.01994962019,0.04407762529,0.03161490885,0.01233746043,0.02650404818,0.006777327853,0.1131054848,0.06822238509,0.08912430374,0.006206217001,0.002517778207,0.005653514264,0.005716472957,0.0435261167,0.01580935586,0.002753850341,0.002149707762,0.0009716251399,0.07194207359,0.02183850957,0.00199693143,0.0004848021445,0.01657129016,0.03465441566,0.001352739259,0.01130368494,0.01079917031,0.01186880672
NV,0.008392509382,0.03646809847,0.00303574918,0.001769269127,0.05871785235,0.001095167655,0.006458580766,0.006634703037,0.008398443058,0.04639482253,0.01114515033,0.001018299589,0.01466157216,0.002607535615,0.002782309323,0.02627876433,0.003959199869,0.002956498653,0.0004344169528,0.001381737199,0.008583825458,0.001327839649,0.005617302489,0.004604082485,0.006080308968,0.03418349864,0.05530189843,0.002887272442,0.01375969847,0.005740336347,0.009594348336,0.004922433154,0.004203559405,0.009887390981,0.001438916252,0.007187568735,0.009889998201,0.00009075826032,0.007391920915,0.01723179754,0.005936327439,0.01964446587,0.04221872885,0.03286649244,0.01305305169,0.02646189913,0.006598022135,0.1104568485,0.06667135966,0.08905304791,0.003904133565,0.002483333003,0.004746265931,0.005665715885,0.04443351809,0.01522657492,0.002831082335,0.002179861475,0.0010659488,0.06892777454,0.02280050683,0.002114860759,0.0006553564523,0.01695444317,0.03500423381,0.00150117489,0.01153137865,0.01025001945,0.01082239436
TN,0.008322699102,0.03677612575,0.002836127447,0.001782348767,0.05934373256,0.001074275119,0.006535839717,0.006610603805,0.008761374296,0.04752292014,0.01199740431,0.0009873814391,0.01497322071,0.002460180235,0.002767416469,0.0269948141,0.003845477703,0.002812078605,0.0003641681875,0.001419232278,0.009312978555,0.0009916349759,0.006240289024,0.004256808732,0.006049487517,0.03441284202,0.05662104834,0.002879036752,0.01428181065,0.005034761912,0.009236461635,0.008429738654,0.003548828569,0.009482465636,0.001712656202,0.00762252488,0.009927661362,0.00007558207664,0.007490501642,0.01725162068,0.006007676652,0.02029939664,0.0447390738,0.03237472014,0.01286070868,0.02673728815,0.006963974553,0.1126774981,0.06856140385,0.09163838337,0.007442357215,0.002641189259,0.005457451287,0.005683286045,0.04609553135,0.01582287637,0.00279445681,0.00218447159,0.001044103053,0.07228806297,0.0220541909,0.002013745842,0.0004290463089,0.01681240795,0.03539648408,0.001275780581,0.01125263807,0.01168268933,0.01131333277
CA,0.008167798715,0.03421029801,0.003109479596,0.001641372449,0.06102445749,0.001004767968,0.005913964021,0.006365363167,0.007711156142,0.04361816723,0.01090090512,0.001033449514,0.01321378829,0.002485519265,0.00253358651,0.02461475156,0.003018116625,0.002593601278,0.0005225973954,0.001258924369,0.008062420812,0.0009511726528,0.005381246811,0.003729559792,0.005401306665,0.02670886397,0.05453815842,0.002952476408,0.01294085293,0.005857432386,0.008954912025,0.005050438997,0.004218232214,0.00878516731,0.00164445109,0.006878387563,0.009479314658,0.00008486112192,0.007326715559,0.01788357695,0.005742818561,0.01801493229,0.03775623299,0.02837323259,0.01141903811,0.02459936584,0.00582825646,0.1098868907,0.06092323687,0.0758139031,0.004016989483,0.002288725956,0.00534267766,0.005516197643,0.03543884046,0.0144068702,0.002319999253,0.002051745524,0.0008954574948,0.06239204065,0.02178137585,0.001869723699,0.0005668519199,0.01566646123,0.03166329582,0.00174143951,0.01104823793,0.008729976494,0.009802429615
OK,0.008639293492,0.03765411141,0.003050435519,0.001775548712,0.05984173529,0.001211850023,0.006481626839,0.006825037318,0.008886786654,0.04964483539,0.01208993314,0.0009656054882,0.01560027989,0.00252937936,0.002705738576,0.02791572277,0.004259107217,0.002946269692,0.0003317566191,0.001400430656,0.009286574569,0.00103288004,0.006286084161,0.004494000589,0.006328688854,0.03634407384,0.05684631507,0.003047332869,0.01498996576,0.005562371928,0.008880543515,0.007565776293,0.003896891647,0.009617044723,0.001294713503,0.007817582896,0.01022966692,0.0000709825978,0.007566078991,0.01796067829,0.006056109625,0.02065446031,0.04529696209,0.03391367661,0.01279124574,0.02731982462,0.007124518801,0.1149601765,0.07099039226,0.09456270652,0.006600170805,0.002664647371,0.005410606896,0.005837864622,0.04791276163,0.01613242235,0.002862762979,0.00227102692,0.001082749477,0.07369987672,0.02267424818,0.001957621346,0.0004860189066,0.01797093217,0.03636136544,0.001191077397,0.01157027695,0.01156868779,0.01156611486
ME,0.008397472042,0.03379036065,0.002815191702,0.001631732356,0.06373283797,0.001053255567,0.006113222416,0.006386702019,0.008175143923,0.04634768842,0.01122888755,0.0009166449359,0.0142905364,0.002799122902,0.002786515869,0.02641876005,0.003217893389,0.002800827951,0.0003615738268,0.001256569801,0.008750778962,0.0009645413259,0.005670322896,0.004110202618,0.005395654924,0.03142277027,0.05722373406,0.003022846061,0.01383611488,0.005801508369,0.008782038203,0.004166417583,0.004021488377,0.009732267447,0.001499823527,0.007054978081,0.009067918166,0.00007698556758,0.007841729247,0.0186322124,0.005628885026,0.01873725379,0.03921758483,0.03210241333,0.01175001267,0.02461435268,0.005925821977,0.1157829352,0.06474413898,0.08286261481,0.003249772647,0.002297580013,0.006164528905,0.005687683399,0.04146184329,0.015149623,0.002128211764,0.002127230069,0.0009414456557,0.0643266602,0.02380667591,0.001907795367,0.0005453058257,0.01656899919,0.03584969875,0.00127351696,0.01189995369,0.01003907302,0.009140666944
VA,0.008491780893,0.03569611899,0.002957543029,0.001707903944,0.06093187929,0.001081691075,0.006189623492,0.006533635634,0.008263954707,0.0459825906,0.01120641498,0.0009321523829,0.01431165055,0.002550291311,0.002808195919,0.02612912598,0.003487111336,0.002740584784,0.0003946247023,0.001348303969,0.00863931668,0.001036320904,0.005588560154,0.004037544697,0.005590319228,0.03158385719,0.05591961611,0.00301282323,0.01352807895,0.005564751699,0.009078040144,0.005963382213,0.003966955328,0.009318702344,0.00154195884,0.007218176604,0.009614540247,0.00007776499672,0.007865655107,0.0177961494,0.005998459191,0.01851216211,0.03998545507,0.03105202473,0.01250111074,0.02596938118,0.006386030181,0.1122847133,0.06471277337,0.08367797537,0.005031229831,0.002423846994,0.005347340623,0.00551403464,0.04176504563,0.0148732131,0.002763104412,0.002129959748,0.0009475486331,0.06590493777,0.02237980815,0.002179736312,0.000471536287,0.01658954666,0.03463825378,0.0013333083,0.01139662137,0.01018118844,0.009954163413
MI,0.008258605466,0.03480739646,0.002897568954,0.00163103626,0.05929540696,0.001047682723,0.005908501844,0.006338615662,0.00807661628,0.04520995748,0.01108381446,0.0009521948098,0.01399964847,0.002427715514,0.002455531304,0.02521896279,0.003247833947,0.002636042169,0.0004967939092,0.001227396072,0.008584166925,0.0009511638749,0.005450416622,0.003913526115,0.005574148261,0.03028087257,0.05404730645,0.002917934781,0.01339834111,0.005608558145,0.008815368664,0.00611610879,0.003759313816,0.008842134068,0.001416932479,0.006964529304,0.009392264269,0.00008969133576,0.007261282941,0.01827462425,0.005866389126,0.01838415622,0.03950999626,0.02955521112,0.01159058704,0.02529618565,0.006142426807,0.1092575075,0.06405885137,0.08175587975,0.00516391398,0.002360432423,0.006015291138,0.00552106484,0.04007697154,0.01450389234,0.002574049914,0.002093128512,0.0009013288712,0.06488737289,0.02151852897,0.002115381144,0.0005133861255,0.01610415617,0.03357367862,0.001407556807,0.01102289205,0.009796098973,0.01000738227
OH,0.008724522277,0.03641450498,0.003213622318,0.001767526599,0.06180124296,0.001085500297,0.006561372193,0.006792046947,0.008459664359,0.04840399473,0.01185499255,0.001101711777,0.01508424548,0.00256456464,0.002569458008,0.02704108345,0.003590270802,0.002843856233,0.0004245260369,0.001379507196,0.008902373304,0.001002383457,0.005980663242,0.004038753218,0.005913282627,0.03254207346,0.05662238791,0.00301385675,0.01438074469,0.005672029046,0.009251474593,0.00604513952,0.003748319533,0.009466025877,0.001547747509,0.007322414059,0.01010175881,0.00009498061593,0.00779603219,0.01882825252,0.006034824724,0.02164095314,0.0434968448,0.03253702167,0.01245883059,0.02618261428,0.006608844899,0.1144820057,0.0677526164,0.08864446186,0.004943427743,0.002494350097,0.006103349471,0.006011730845,0.04232333429,0.01577318939,0.002634356735,0.002213351106,0.0009529393227,0.07071129075,0.02269161899,0.002250121771,0.0006036444112,0.01721646878,0.03534452969,0.001451640362,0.01160389943,0.009781260838,0.01062557796
DE,0.008510372716,0.03467482378,0.002986554791,0.00167480007,0.06147248491,0.001021687015,0.00634782644,0.006710503215,0.008480518225,0.04701357421,0.01138733818,0.0009514122464,0.01449060806,0.002568960495,0.002756441782,0.02660170264,0.003172316066,0.002817502201,0.0004838147503,0.001296888904,0.009041242075,0.0009855667666,0.00572788504,0.003915238309,0.005602569894,0.03133296369,0.0557904259,0.002996752003,0.01401477908,0.005958612339,0.008381248972,0.006849701314,0.004023230479,0.009333644082,0.001286814549,0.007564243363,0.009663886349,0.0001030778506,0.00728375858,0.01801356082,0.005883177535,0.01762852389,0.04051143814,0.0297693501,0.01214230051,0.02487051075,0.006054687284,0.1133208895,0.0670119058,0.0836259913,0.005898289067,0.002449296816,0.005213724367,0.005693361946,0.0417253979,0.01521141587,0.002348798983,0.002028016781,0.0009710695242,0.06628262079,0.02224773846,0.0018913987,0.0005430322997,0.01656162514,0.03424150366,0.001300574644,0.01130969193,0.01039243421,0.01102982144
ID,0.008285714226,0.0385494878,0.002710809672,0.001747266655,0.05919831961,0.001063465996,0.006566577149,0.006628966034,0.00883214178,0.04771595172,0.01129406766,0.0008835206644,0.01525748326,0.002665298534,0.002910487693,0.02702278433,0.005105434488,0.003034425776,0.0004077109472,0.001426169618,0.008683978673,0.001117248071,0.006059992833,0.005092503278,0.006269285292,0.03711475336,0.05805340379,0.002902762556,0.0141202086,0.005189193456,0.009522869872,0.005963470594,0.003627204157,0.01056408411,0.001302063598,0.006758236141,0.00958962514,0.00007834297471,0.00747302132,0.01707352043,0.005819128071,0.0222130043,0.04638878142,0.03797828942,0.01351000668,0.02887476019,0.007682523702,0.1127324338,0.06900811118,0.0971203079,0.005079949929,0.002483631839,0.00531636434,0.005611431021,0.05055464601,0.01581436494,0.003125490037,0.002287228605,0.001184171276,0.07445366166,0.02319124188,0.002132557909,0.0003755928466,0.01709673783,0.03795813689,0.001018836531,0.01180762139,0.01343989265,0.009255722847
WY,0.008477844852,0.03701067818,0.002788993663,0.00165147358,0.06084504416,0.001028134406,0.006369271039,0.006646373842,0.008714013306,0.04705210147,0.01072377615,0.0007971964519,0.01481209428,0.002840275306,0.003175254731,0.02698426415,0.004030214098,0.002835158513,0.0003535135885,0.001399045093,0.008783942819,0.001065884972,0.005517836574,0.004657533,0.006231345023,0.03556637789,0.05786081639,0.002904974319,0.01402115169,0.005586970142,0.009471981006,0.00478454319,0.004106511177,0.01061711943,0.001274536447,0.006972256745,0.009500748757,0.00008402912252,0.00758900094,0.0177780153,0.005770492474,0.01940185819,0.04249929218,0.03449173752,0.01302360434,0.02740816208,0.006804767032,0.1145235071,0.0691675659,0.09131896159,0.003987346738,0.002550551079,0.005428804365,0.005591177283,0.04785100352,0.01503586872,0.002658799691,0.002237175894,0.001116256963,0.06892662177,0.02455776689,0.00246640825,0.0004700627774,0.01726417551,0.0374030794,0.001071797712,0.01226358992,0.01228462563,0.00932950673
IA,0.008663455999,0.03681209831,0.002996374199,0.001728982602,0.06074807584,0.001063806849,0.006429888535,0.006718296667,0.008716928798,0.04876141472,0.01176198912,0.0009944215796,0.01520296377,0.002576871462,0.002676011757,0.02725301604,0.004079241514,0.00276803672,0.0003748270759,0.001374682182,0.009161572376,0.001045781341,0.006090508751,0.004377740481,0.006131260199,0.03426252385,0.05723512852,0.002979642388,0.01446676407,0.005453794326,0.009160882405,0.006753743958,0.003682205977,0.00966244864,0.001446525475,0.007172384231,0.009937402326,0.00008331407163,0.007733589888,0.01916719564,0.005915730318,0.02041889039,0.04416831685,0.03309759303,0.01242440499,0.02677154523,0.006875912056,0.1149339611,0.06961032991,0.09113412358,0.005759322379,0.002549315721,0.006781644685,0.005910383038,0.04610135855,0.0157431253,0.002631249849,0.002255129076,0.0009762667016,0.07203381206,0.02278769229,0.00221360141,0.0005689247137,0.01720728817,0.03691990637,0.001170579956,0.01173430401,0.01183883471,0.01046863734
FL,0.00814070952,0.03389635524,0.002947190155,0.00162564161,0.059367596,0.001016212162,0.006144969828,0.006293361561,0.00794587791,0.04412916822,0.01115782591,0.0009332652689,0.01355477389,0.002531034756,0.00248070098,0.02469392275,0.003271381208,0.002564795549,0.0004346548377,0.001214432147,0.008448819451,0.00100875227,0.005592459629,0.003878214723,0.005352171865,0.02879702726,0.05353122796,0.002983287287,0.01315333334,0.005815491269,0.008441482524,0.005931365524,0.004130238837,0.008886343478,0.001398237872,0.007300802202,0.0092683282,0.0001604013389,0.007153940704,0.01756203382,0.005873749472,0.01824472323,0.03994356769,0.02955685687,0.01167329625,0.02450466557,0.005935382389,0.1080348651,0.06237527139,0.0801233653,0.004998100255,0.002266714117,0.005101677985,0.00552380403,0.03829759583,0.0145683628,0.002395540712,0.002008282147,0.0008692276986,0.06489060758,0.02166705112,0.001823438049,0.0005536442125,0.01561921017,0.03239438935,0.001352918346,0.01094304661,0.009500568571,0.01090764628
MD,0.008415665097,0.034728786,0.003025413761,0.001649261787,0.06148301726,0.001073896248,0.006314932118,0.006670299255,0.008059620148,0.0458425543,0.01115378341,0.0009654947467,0.01425257032,0.002550558056,0.002693624798,0.02614141661,0.003317938045,0.002663026429,0.0004677386796,0.00133495069,0.008433481869,0.00111761512,0.005540991878,0.003967645033,0.005668105831,0.03118228008,0.05524942258,0.003027253537,0.01342317053,0.005917468016,0.00879548188,0.005562560823,0.004050749623,0.009197424382,0.001428101421,0.007476024035,0.009595542089,0.00009031844599,0.007504443723,0.0178603214,0.005813883821,0.01813333438,0.03907251985,0.03015999437,0.01216820166,0.02502133232,0.006005631988,0.1120192016,0.06446371964,0.08222762229,0.004597066076,0.002396476869,0.005130165197,0.005397997758,0.0408482662,0.01456022433,0.002449539864,0.002088483948,0.0009410451004,0.06479204692,0.02216178883,0.002067859098,0.0005988710896,0.01636988548,0.03385436014,0.001367655117,0.01135030047,0.009665986119,0.009941468273
MA,0.008528719453,0.03339038511,0.002982925661,0.001612903637,0.06352841114,0.001002612821,0.005593525119,0.006441926236,0.007859752432,0.04436782544,0.0111288111,0.0009243232468,0.01347157972,0.002556275708,0.002557386586,0.02541785125,0.002887244474,0.002537973539,0.0004856721702,0.001257149546,0.008381355128,0.0009092080231,0.005528019746,0.003642149737,0.005278563921,0.0282354018,0.05548880576,0.00293446589,0.01312278227,0.006001599737,0.008841222151,0.004386328655,0.003783322285,0.008996034822,0.001625323616,0.007016395793,0.00917191775,0.0002989172073,0.007695524615,0.01911221699,0.005772631414,0.01726236856,0.03659962027,0.02953968171,0.01074244413,0.02409363018,0.005486134186,0.1122615314,0.06123925604,0.07633952843,0.003462005408,0.002261984123,0.00622468587,0.005397136477,0.03691713102,0.01435525576,0.001976561351,0.002046218858,0.0008098664022,0.06158479369,0.02230407875,0.002265098224,0.0004855629035,0.01584315832,0.03293394177,0.00132609682,0.01127311596,0.008681729224,0.009415983085
SD,0.008559831266,0.03634081617,0.002761469123,0.00167355603,0.06105124263,0.001073452774,0.005792035753,0.006635027187,0.008660488646,0.04801368308,0.01188310639,0.0009242177589,0.01515882063,0.002522196025,0.00270859858,0.02699007322,0.004015449948,0.002755481647,0.0003394785925,0.001406943891,0.009624246341,0.0009128076631,0.005925906679,0.004495351798,0.00619726361,0.03315988481,0.05702777172,0.002956796407,0.01425651929,0.00547695895,0.009054419379,0.007433846863,0.003773691482,0.01005093873,0.001384688555,0.007223946289,0.009501672539,0.0000828079229,0.007919058362,0.01874385013,0.005996626679,0.01936654763,0.04439024335,0.03272471958,0.0118150977,0.02672831884,0.00675782693,0.1151039166,0.06984187415,0.09017794101,0.006509629104,0.002479379923,0.006336670127,0.005650030898,0.0462476036,0.01529551583,0.002497794236,0.002146340692,0.001018435778,0.07238813305,0.02335748282,0.00216611066,0.0004245459403,0.01715694304,0.03659590524,0.001042950538,0.01170788799,0.01308771878,0.01045345528
SC,0.006679915294,0.02935894975,0.002382793643,0.001476928624,0.05219935781,0.0008370493055,0.00516920441,0.005394999292,0.00675059254,0.03746599001,0.00958283976,0.0007647851779,0.01147946794,0.001962697367,0.002170456734,0.02041986496,0.003094509852,0.002150468135,0.0003371512169,0.001096565412,0.007055609413,0.0008475166179,0.004804587942,0.003511493399,0.004752403965,0.02542760421,0.04315025943,0.002539345574,0.01122578057,0.004321962445,0.007391143232,0.006360555456,0.003158168201,0.007490445373,0.00111557747,0.007504727304,0.008023423831,0.002114610723,0.005772951665,0.01445319172,0.004922535937,0.01557771065,0.03443941088,0.02488003865,0.01012671277,0.02124684367,0.005324047393,0.08785007781,0.05536445335,0.0693723418,0.005595770278,0.002043323138,0.00471138919,0.004551053157,0.03453312842,0.0123117566,0.002223586737,0.001621670498,0.0008130019523,0.05630547389,0.01723563528,0.001701777481,0.0003712386453,0.01285382911,0.02778647256,0.001068581373,0.008725984957,0.009105524211,0.008641453017
AR,0.008022971768,0.0360143665,0.002936714998,0.001738106211,0.05830583859,0.001086273059,0.006348679875,0.006453174197,0.00856775456,0.0465106738,0.01250067475,0.001163517411,0.01465996413,0.002441406715,0.002687739515,0.02584973769,0.004209448903,0.002564226534,0.0003949296167,0.00141275283,0.008787140648,0.001152730061,0.006523270305,0.004598789893,0.006322036423,0.03340231172,0.05446484914,0.002987229252,0.01380906323,0.005268082088,0.008986728268,0.008133877848,0.003744726438,0.009343880501,0.001417475003,0.007252391131,0.009894425211,0.00009123757928,0.007522724699,0.01732378952,0.005817240471,0.02053179118,0.04484045424,0.03305456051,0.01258220805,0.02601397399,0.006759508918,0.1109863129,0.06722875254,0.09046786509,0.006970360437,0.0026304236,0.00553863227,0.005578705756,0.04494685476,0.01571833738,0.00266815766,0.002028194925,0.001040221043,0.07355269516,0.02161520495,0.001889865584,0.0003727050781,0.01638892925,0.03570985133,0.001133278175,0.01117045164,0.01154454304,0.01132749638
UT,0.008241003966,0.03976499207,0.002559219523,0.001779902101,0.05784661934,0.001128573203,0.00603449896,0.006744840622,0.009077788434,0.048501942,0.01192740402,0.0008672397067,0.01563672967,0.002493488241,0.002923840661,0.02716414468,0.005447416842,0.003243299281,0.0004946757203,0.001453388272,0.00840618155,0.001094643924,0.00650363207,0.005083622128,0.006457689042,0.03832179636,0.05760522714,0.002726769249,0.01450362644,0.00511553126,0.009783401117,0.005847023244,0.003406211853,0.01060734541,0.001469824919,0.006522425554,0.009390115325,0.0001111080571,0.007248974301,0.01727081392,0.005801279169,0.02298003869,0.04812478678,0.03957189974,0.01329083455,0.03027942483,0.008196055707,0.1106662266,0.06967566364,0.1005540007,0.004979783537,0.002450407087,0.005616711239,0.005649431491,0.05241277727,0.01654780043,0.003400671754,0.00241289664,0.001197411225,0.077461951,0.02253075505,0.002100569749,0.0003072765248,0.01728746483,0.03786538099,0.001151452892,0.01149956148,0.01409098091,0.00946779914
IL,0.008685065471,0.03586656462,0.003194117829,0.001727700614,0.06196251972,0.001056989761,0.006017659952,0.006756191398,0.008288472525,0.04705220358,0.01162201225,0.001031469983,0.01458270453,0.002481222235,0.002719987207,0.02643543945,0.003431009028,0.002767395294,0.0004773807043,0.001376890715,0.008803411578,0.0009869637543,0.005844675982,0.003936363655,0.005865270891,0.03130469279,0.05641118024,0.003008266186,0.01385322688,0.005997811235,0.009682276933,0.005872384592,0.003930112221,0.009132880376,0.001706624825,0.00731304988,0.009994749127,0.00007682464841,0.00787669042,0.01913399701,0.006019069426,0.01922756953,0.04049119952,0.0307349998,0.01187231833,0.02574723454,0.006265710873,0.1137546532,0.0657471576,0.0840679376,0.004840914609,0.002457775213,0.006136420611,0.005644679849,0.04082338778,0.01521945534,0.002430895706,0.002216191293,0.00092730153,0.06736729044,0.02219466248,0.002426202986,0.0006250936264,0.0168358738,0.03449216122,0.001641341285,0.01146806448,0.009518694987,0.01035993567
IN,0.008495905851,0.03630155456,0.003038789105,0.001761751966,0.06119927087,0.001065267289,0.005997403648,0.006629555115,0.008618434383,0.04808655308,0.01198013749,0.001067533978,0.01502017455,0.002526186367,0.002579822844,0.02699819816,0.003931660711,0.002725527632,0.0003970270824,0.001346438563,0.009214981009,0.0009391477108,0.006079182721,0.004263030226,0.006048085789,0.03314930368,0.05656180404,0.002915623863,0.01437900726,0.00546442618,0.009113642196,0.007874884081,0.003608160935,0.009409941707,0.001459085352,0.007367757051,0.009917909194,0.00008585401852,0.007727447441,0.01820415907,0.005978557023,0.02085361256,0.04345382337,0.03295128677,0.01195438893,0.02627135514,0.006672596732,0.1146127207,0.06775998487,0.08921370963,0.006807350102,0.002529981161,0.00589341612,0.005822562996,0.04407148331,0.01560523492,0.002592302366,0.002163668984,0.001002182032,0.0712237399,0.02227406233,0.002081813506,0.0004645438439,0.01708882088,0.03545213207,0.001355709066,0.01142428939,0.01092217964,0.01024599328
CT,0.00792302539,0.03221162926,0.002909499506,0.001586892641,0.0591927561,0.0009760524027,0.005697818949,0.005952110885,0.007523271778,0.0415207205,0.01062664419,0.0009049555388,0.01258566488,0.002414861411,0.0023404206,0.02354704572,0.002990286215,0.002436483065,0.0004503308037,0.001183301091,0.008050361355,0.0009242972297,0.005279065641,0.003497958103,0.005050651291,0.02667963966,0.05192047031,0.002825292852,0.01229964345,0.005476738482,0.008362716364,0.004649719697,0.003798647298,0.008397105814,0.001506409928,0.006699330945,0.009028883718,0.00009610046431,0.007307435227,0.01744327926,0.005531837601,0.01722341477,0.03592234596,0.02746463112,0.01072631659,0.02306126148,0.0054004737,0.10613333,0.05756847206,0.07325222743,0.003744764159,0.002272135691,0.005477004477,0.005137175908,0.03459221522,0.01368912925,0.002020769708,0.001876372016,0.0008297547405,0.05988772699,0.02084988682,0.002052385203,0.0004578546835,0.01483218898,0.03096851712,0.001340618577,0.01061684034,0.007912575557,0.00960449852
WV,0.008587723587,0.0353274738,0.003195602427,0.001752975815,0.06098841598,0.001058135524,0.006379254926,0.007117795317,0.00865244509,0.04946432489,0.01229150321,0.00120214523,0.01520362196,0.002493609624,0.002367481195,0.02726502365,0.003987088845,0.002679400463,0.0003083430118,0.001235029336,0.009524179195,0.001012429233,0.006230622255,0.004086264518,0.006126561941,0.03396779887,0.05670650412,0.00286440627,0.01504870904,0.005439310289,0.008761390047,0.008016482177,0.003531508774,0.00896166036,0.001502289022,0.007644115468,0.0102793797,0.00006105802213,0.007774954087,0.01957712086,0.005752363491,0.02029184862,0.04321250678,0.03266787358,0.01207823626,0.02491716825,0.006280079253,0.1144262225,0.06941922045,0.08991761964,0.006814336947,0.002534344047,0.00718478469,0.005909282607,0.04442128116,0.01571886444,0.002675911433,0.002212219368,0.0009018269869,0.07147277619,0.02206610752,0.001899427843,0.0005112300967,0.01743590325,0.03428181156,0.001341183069,0.01141444833,0.01045348229,0.0109481395
MN,0.008648289421,0.03634145876,0.002939485165,0.00172377283,0.06267619027,0.001082608294,0.005900003788,0.006586449586,0.008343940668,0.0474269975,0.01144817714,0.0009494179621,0.0147600516,0.002628643006,0.002774604422,0.0267580757,0.00353963985,0.002779328861,0.0004135285825,0.001352634757,0.008639228854,0.0009705377118,0.005863545793,0.004223820506,0.005852867268,0.03228010285,0.05718343739,0.00300506641,0.01399909343,0.005736589994,0.009349145834,0.005837809469,0.003912892056,0.009725310365,0.001556691664,0.007042562832,0.009693231644,0.0000842416983,0.007783954496,0.01836460394,0.005972660905,0.0190950582,0.04100948434,0.03286004384,0.011895877,0.02653794708,0.006511872492,0.1155039975,0.06629025621,0.08592769719,0.004888391507,0.00248889455,0.005669865392,0.005729406259,0.04335187816,0.0153777881,0.002396692496,0.002228252245,0.00105881352,0.06768252016,0.0235345202,0.00229980915,0.0005047382881,0.01718517702,0.03627177869,0.001284141186,0.01190355691,0.01107177531,0.009495344551
WI,0.008619410316,0.03553335225,0.003083214119,0.001717987469,0.06321186068,0.001063103958,0.00633827149,0.006562236409,0.00827515512,0.04696599734,0.01142416419,0.00106888976,0.01452990337,0.002669974365,0.002691090068,0.02634653777,0.003560394398,0.002806039605,0.0004129924972,0.001286895797,0.008653853144,0.0009957018417,0.005828799515,0.004129455185,0.005687714968,0.03169939329,0.05695523327,0.003056015906,0.01387578636,0.005754696748,0.009273626234,0.00544641737,0.003867066609,0.009842513942,0.001589315197,0.007097423058,0.009740842077,0.00008723208586,0.007836151241,0.01865906185,0.005853450986,0.01972839667,0.0412792714,0.03268087788,0.0122402342,0.02567951396,0.006287732266,0.1155198342,0.06632375655,0.08541801452,0.00437752761,0.002416437571,0.005971243973,0.005831816044,0.04206636295,0.01543800224,0.002394159762,0.002181098854,0.001060952827,0.06762375694,0.02364449424,0.002268157861,0.000575440004,0.0167814456,0.03635399651,0.001326432108,0.01211588891,0.01036696966,0.009825304891
AZ,0.008567087884,0.03714869657,0.002947098715,0.001769531309,0.05999790168,0.001081145426,0.006369703088,0.006814260236,0.008701001657,0.04800018272,0.01159805035,0.0009744208234,0.01486816778,0.0025114827,0.002662242378,0.02677413853,0.003948668067,0.002937873093,0.0004224888084,0.001343283161,0.008751234562,0.001005857031,0.005907162072,0.004305094102,0.006022522996,0.03469480289,0.05676614983,0.003037302545,0.01438114026,0.005512004679,0.008766962826,0.006178789599,0.003833510351,0.009701494008,0.001328692859,0.007443126628,0.009900901573,0.00009420701822,0.007439611137,0.01756125707,0.005909336393,0.01953454458,0.04278520652,0.03316085009,0.01260018869,0.02713609181,0.006872824651,0.1127853494,0.06810606564,0.09031845894,0.005204368775,0.002473421926,0.00514283753,0.005596925112,0.04596408376,0.01546000976,0.002757018377,0.002187671475,0.001075821389,0.06976730765,0.02247127971,0.001928317685,0.0005024712984,0.01700123739,0.03504716478,0.001230320086,0.011296531,0.01126928087,0.01053820108
KY,0.008600506711,0.03709594979,0.00314503017,0.001782979564,0.06026711158,0.001082836387,0.006317515472,0.00683062056,0.008818282611,0.04843458371,0.01182279174,0.001063960983,0.01546070868,0.002473125492,0.002510279448,0.02728861096,0.003742030085,0.002775504979,0.0003398318686,0.001301917898,0.009456390618,0.0009701062103,0.006048932656,0.004121664435,0.006204263051,0.03371012767,0.0565440315,0.002925575627,0.01417471924,0.005076364436,0.008745727948,0.008622515581,0.003612215057,0.009240964818,0.001442923876,0.00761544193,0.01033476834,0.00006971962267,0.007599923812,0.0178657932,0.006229741115,0.02019295139,0.04277931139,0.03149372259,0.0122683781,0.02664680994,0.006815587383,0.114283555,0.06849626524,0.0890597117,0.007558554598,0.002589436772,0.005778223559,0.005695522433,0.04457769717,0.01551726029,0.002714215872,0.002283252362,0.000984169505,0.07019523807,0.02188174045,0.002046414543,0.0004855380464,0.01741789405,0.03470388409,0.001159643611,0.01117405233,0.0108675695,0.01025863257
MO,0.008352333147,0.035801816,0.002997014202,0.00173872703,0.06034288147,0.001085247589,0.006169745047,0.006569088465,0.00852878829,0.04702564157,0.01194141597,0.0009670415673,0.01478182219,0.002497858006,0.002587885669,0.02629036227,0.003846519013,0.002687583055,0.0004201829419,0.0013929248,0.009035467945,0.0009770805402,0.006144359138,0.004297234279,0.006099379924,0.03353432357,0.05597500513,0.002889631809,0.01402409898,0.005472647999,0.009265602745,0.006896197436,0.003749614076,0.00918129845,0.001610689738,0.007471003638,0.009806137971,0.00009129695822,0.007638504478,0.0179939012,0.005807626601,0.02047135816,0.04325643419,0.03251563322,0.01210605513,0.02587950288,0.006572757883,0.1126703931,0.06700668245,0.08919666662,0.005929155868,0.002485926629,0.005787387108,0.005718314359,0.04434512041,0.01552950643,0.002650219613,0.002159348455,0.000966741552,0.07088364147,0.0221944844,0.002058451008,0.0005431430515,0.01673180614,0.0351931773,0.001340906765,0.01146069917,0.01081079684,0.01055188365
KS,0.008437093186,0.03694267157,0.002921824949,0.001753070467,0.05953488889,0.001142985445,0.006253953413,0.006699092093,0.008598323232,0.0484487305,0.01200151053,0.0009641948824,0.01533784535,0.002455409458,0.002868367469,0.0270054202,0.00433503816,0.002788732568,0.0004519586939,0.001381400089,0.008976976978,0.001008667912,0.006194533525,0.004508478891,0.006229981266,0.03501812062,0.0561961446,0.002897036034,0.01435894864,0.005242671843,0.009277302652,0.007169223879,0.003600477662,0.009638681751,0.001403779538,0.00739563203,0.009935372806,0.00009886979289,0.007580344162,0.0177612375,0.005974046945,0.02122711176,0.04465182008,0.03368458314,0.01271087373,0.02689850524,0.006912636144,0.1135183675,0.06900662321,0.09253567368,0.006205028997,0.002545335639,0.005685237703,0.005768466384,0.04647648028,0.01583109168,0.002766557311,0.002206662697,0.001117216408,0.07293936219,0.02242629085,0.00210816045,0.0004866713432,0.01711153922,0.03634753341,0.00129604781,0.01148813087,0.01145835967,0.01055562659
OR,0.00835254398,0.03615892969,0.002979218689,0.001783371534,0.06324104054,0.001074948857,0.006428773114,0.006476877015,0.008354692742,0.04708936028,0.0110047048,0.0009453541514,0.01462149781,0.002791242512,0.002841758702,0.02676352639,0.003375138319,0.002987104242,0.000400582039,0.001413581667,0.008408675333,0.001059725077,0.005636345986,0.004209263603,0.005531705305,0.03396861092,0.05776005414,0.003134760716,0.01395651663,0.00534451971,0.008915702202,0.004740393101,0.003778152919,0.009873279974,0.001508471831,0.007044717917,0.009721569232,0.00009038992519,0.007779554156,0.01708207415,0.005796813949,0.01869695027,0.04029146626,0.03326408034,0.01259803248,0.02632720597,0.00648766137,0.1159331977,0.06591260103,0.0872775035,0.003795038949,0.002480117916,0.005031813949,0.005817166379,0.04446791055,0.01552343075,0.002451879933,0.002256038474,0.001062056282,0.06563005903,0.02431845763,0.001954076526,0.0005288185644,0.01729468001,0.03549595537,0.001258526153,0.01208247137,0.01049929964,0.009765314793
MT,0.007079463606,0.03002043674,0.00250306125,0.001444792839,0.05645797259,0.0008397332412,0.005177147709,0.005427214153,0.006970968324,0.03862165719,0.009176186857,0.0008341939631,0.01181538652,0.002270251787,0.002241969512,0.0218789231,0.003040744053,0.00227451277,0.0004101196218,0.001110785028,0.006970488964,0.0008370168644,0.004654964232,0.00347589695,0.004721115994,0.02737756198,0.04782815029,0.002579705683,0.01149149854,0.004779651249,0.007560368809,0.00469704144,0.003258480288,0.008470035435,0.001162342923,0.007009157385,0.008201540239,0.001558028464,0.006391634412,0.01529868692,0.004884577958,0.01590822055,0.03410948916,0.0277033674,0.0100685965,0.02172408963,0.005336295427,0.09589544826,0.0563249234,0.07184092046,0.003862847477,0.002077495565,0.004885483417,0.004682287786,0.03684935454,0.0124773835,0.002030571488,0.001798028337,0.0008611446811,0.05540529672,0.02000888415,0.001759306653,0.0004423433063,0.01397501253,0.02995753398,0.001166390857,0.009839142562,0.009471792558,0.007606760263
MS,0.00691316753,0.03096534879,0.002493886765,0.001505904921,0.05264252366,0.0008932417203,0.00526091227,0.005560428408,0.007373757485,0.03928812032,0.01013677696,0.0008530773189,0.01230320939,0.001977056242,0.002321002949,0.02162119444,0.003385151481,0.00215311367,0.0003700119468,0.001114718219,0.007680401244,0.0008971437023,0.005276572224,0.003580250581,0.005181676022,0.02873799341,0.04495296577,0.002499973857,0.01173825442,0.00441163288,0.007852400611,0.007361427222,0.003224545902,0.007800218105,0.001311274059,0.007478330603,0.008564226182,0.001583944561,0.006111388267,0.0152236088,0.005126267878,0.01659726255,0.03625180603,0.02652411287,0.0105477337,0.02230825543,0.005728629846,0.09189219646,0.05861874728,0.07517412855,0.006508349903,0.002264398197,0.005172571397,0.004583892379,0.03799822912,0.01296248827,0.00237791986,0.001768222165,0.0008639508421,0.05964361586,0.01771479019,0.001905571931,0.0004011757764,0.01367649895,0.02950970139,0.001089329323,0.009129805466,0.009260235718,0.009172311057
LA,0.008288287833,0.03611852748,0.003131083476,0.001786455764,0.05936063661,0.001210448387,0.006378641756,0.006684371767,0.008655634803,0.04730538525,0.0121192231,0.00105551204,0.01474516089,0.002505102259,0.002821777675,0.02638387636,0.003843973822,0.002749433346,0.0003428833371,0.001452032222,0.008925563311,0.00106405905,0.00627258907,0.00435539895,0.006072170423,0.03422920236,0.05578445454,0.002966422725,0.01409484686,0.005648875427,0.009339700797,0.006948544126,0.003887057726,0.009152756772,0.001727324414,0.007580543135,0.01019357319,0.00008106576671,0.007646389992,0.01807509315,0.00589063369,0.02024328626,0.04275798384,0.03171764623,0.01263243613,0.02580041216,0.006596372457,0.1125818605,0.06681463168,0.08928820768,0.005893032086,0.002593886499,0.005721699435,0.005607099739,0.04425030911,0.01566858675,0.002728589109,0.002183935303,0.0009726583789,0.07054143298,0.02184135896,0.001918454729,0.0006181755292,0.01664695767,0.03527298406,0.001390894941,0.01126774911,0.01002110675,0.0110220662
NH,0.008594569825,0.03338841485,0.002768835304,0.00159958457,0.06258466993,0.0009931611536,0.005818970589,0.006132328194,0.007775167822,0.04407076596,0.01121653119,0.001054718615,0.01362778755,0.0027077894,0.002473098025,0.02489104102,0.003045133385,0.00261019553,0.00107739768,0.00114424124,0.008544323476,0.0009759955456,0.00543967886,0.004044319554,0.005085510306,0.02815148342,0.05589707411,0.003073951144,0.01292877216,0.00645279077,0.008819484761,0.004685187865,0.004510121399,0.009448303043,0.00133255137,0.006885568714,0.009018651286,0.0001992233642,0.007553776951,0.01914738311,0.005846708392,0.01693370176,0.03745501559,0.0298770249,0.01094955483,0.02423823636,0.005524938502,0.1130708829,0.06282913774,0.07697973742,0.00363046925,0.002364420401,0.005754855338,0.005361353668,0.03835683525,0.0142173864,0.001969668257,0.001919024029,0.0008300878777,0.06221060746,0.02277137263,0.002165197037,0.0004593789529,0.01567612204,0.03452214074,0.001307598714,0.01171035503,0.01020535183,0.009072933258
WA,0.008355516512,0.03537945371,0.00296874434,0.001698349729,0.06238195615,0.001069858188,0.006276477687,0.006502075612,0.008190670155,0.04602113281,0.01078097546,0.001057349642,0.0142748419,0.002705665186,0.002877202505,0.02642691686,0.003365021009,0.002792795723,0.0005350845259,0.001324099944,0.008237047996,0.001161622069,0.005482976956,0.004146930981,0.005532522642,0.03160141382,0.0572610609,0.003044180497,0.01360111235,0.005570521978,0.008774974701,0.005457071683,0.003931635954,0.009788092939,0.001404213852,0.007089325957,0.009544420535,0.0001249522362,0.00768594661,0.01716048212,0.005747699245,0.01850964356,0.03962106477,0.03245886357,0.01239628028,0.0257197325,0.006218257436,0.1142039162,0.06426469221,0.08388938756,0.004399722041,0.002379984088,0.004873818151,0.005653966564,0.04233315446,0.01500741342,0.002327492602,0.002160307369,0.001013133041,0.06463793539,0.0236078606,0.00195772813,0.0005070032094,0.01677826831,0.03453079695,0.001272999942,0.0118216421,0.01073174063,0.009079280247
NJ,0.008467316993,0.03382680822,0.003146442871,0.001666167166,0.06168943918,0.001048633041,0.00599933185,0.006484616601,0.008072625663,0.04479809239,0.0113742736,0.0009794349859,0.01362426241,0.002504440011,0.002412428112,0.0254184526,0.003031144302,0.002673191537,0.0006464947048,0.001199653598,0.008289227158,0.001025039034,0.005683247808,0.003621514585,0.005506316397,0.02749193554,0.05400944805,0.003128002665,0.01311692034,0.006006495161,0.009388192504,0.004741118777,0.003956558941,0.008685100552,0.001720282077,0.007385893484,0.009624014368,0.0001120360713,0.007606324868,0.01860370903,0.005803771102,0.01846989933,0.03805245231,0.0293757917,0.01126070085,0.02406841676,0.005683082319,0.1101386923,0.06161052455,0.07728850579,0.003761683791,0.002378999329,0.005716771157,0.005589793791,0.03560695004,0.01479386793,0.002159820933,0.002060976702,0.0008540179447,0.0637727569,0.02137865268,0.002459237866,0.0006000395708,0.01609733043,0.03259469513,0.001650020165,0.01101833034,0.008115014496,0.01014844909
NM,0.008172994279,0.03494867379,0.003017641259,0.001766378718,0.06381124616,0.001061783147,0.006039531979,0.006451264008,0.008314565365,0.04603883577,0.01105383782,0.0009220748384,0.0140084357,0.002596246073,0.002657252034,0.02646348965,0.003428209052,0.002783047724,0.0004681392582,0.001293582516,0.008292503095,0.0009274885353,0.005644332101,0.00408571128,0.005643167865,0.03217115618,0.05799856554,0.003040809554,0.01395866462,0.00531974313,0.008477674816,0.005444956702,0.003724798149,0.009629919093,0.001330605218,0.007115984499,0.009641910723,0.00007619924011,0.007811790089,0.01698195242,0.005604165962,0.01823752264,0.03925739446,0.03237926335,0.0117861422,0.02517957029,0.006135406806,0.1147428415,0.06517549779,0.0839527602,0.004522881863,0.00241392673,0.005118330318,0.00567023635,0.04282170268,0.01508413147,0.00232055501,0.002144871812,0.001030174142,0.06456310971,0.02382463254,0.001718237563,0.0005495193481,0.01699260518,0.03472531513,0.001358663303,0.01153478367,0.0106505465,0.009040524665
AK,0.007951438864,0.03536576978,0.002952709392,0.001725666421,0.06383994614,0.001075804373,0.006718148409,0.006532332152,0.008354061372,0.04652470404,0.01104480943,0.001000772709,0.01449651341,0.003013328543,0.002924626642,0.026836284,0.003528776901,0.002776666427,0.0004514271109,0.00138756001,0.008443196267,0.001042587552,0.005855438911,0.004388579154,0.005964677097,0.03378967183,0.05777196906,0.003039122611,0.0137775579,0.005087245805,0.008638414678,0.006197937118,0.003647479097,0.01091726179,0.001233661592,0.007263225924,0.009673332052,0.00008752663222,0.007784117634,0.01656016253,0.005658983375,0.01931480812,0.04160793413,0.03457530841,0.01291404427,0.02558926145,0.006338660148,0.1170304682,0.06556264346,0.08815045278,0.005197164409,0.002462436539,0.005071225029,0.005747066713,0.04567331424,0.01545268774,0.002404600919,0.002158227367,0.001138526638,0.06734466095,0.02566045803,0.002014411523,0.0005523765553,0.01665764802,0.03655409072,0.001019824442,0.01247164818,0.0118836424,0.009070666343
TX,0.008186602129,0.03494126975,0.002970222746,0.00171815603,0.0598712598,0.001057197096,0.006743606316,0.006731696528,0.008296495656,0.0463273703,0.01155159269,0.00100971478,0.01452667738,0.002448701455,0.002815179849,0.02610028602,0.003757572469,0.002589736872,0.0004691280255,0.001289540889,0.00867185493,0.0009682804799,0.005877152074,0.004004129589,0.005885778094,0.03086507369,0.05550655279,0.003038485927,0.01354370326,0.005450164114,0.008659641271,0.006477336781,0.00386018289,0.009164479056,0.001392259136,0.007392469218,0.009628598109,0.00008899503424,0.007376991395,0.01761491975,0.005794891216,0.01958925876,0.04120566148,0.03205826782,0.01283030205,0.02517521406,0.006314481455,0.1117052456,0.06425436571,0.08401281207,0.005467622001,0.002417696796,0.005510683482,0.005643494774,0.041226707,0.01514406511,0.002585169003,0.002067323572,0.0009908355602,0.06783579094,0.02165379848,0.001996982305,0.0004867329469,0.01622844397,0.03430934521,0.00130402868,0.01114298403,0.01036163332,0.00993936026
AL,0.008051334661,0.03497640134,0.002581238533,0.001630160391,0.05661927433,0.001074780579,0.005939176053,0.006319678485,0.008432442081,0.04521836523,0.01144866763,0.0008483367912,0.01432432224,0.00234191204,0.002699816357,0.02527013733,0.003675592281,0.002541060152,0.0004687240489,0.001307167492,0.008971700719,0.0009669857912,0.005823409647,0.004198302693,0.00583454856,0.03321285869,0.05292766763,0.002812664581,0.01346858323,0.004977599574,0.008823691963,0.007442395537,0.003459860356,0.009223126989,0.001350584343,0.007438623253,0.009101880096,0.000373420503,0.007130363614,0.01767261552,0.005815971842,0.01911747137,0.0425422502,0.03078034066,0.01202945698,0.02578263411,0.006703882025,0.1061955881,0.06603528601,0.08753822863,0.006594058746,0.002391022904,0.006127683477,0.00544091431,0.04424447545,0.0148681005,0.002661844407,0.002050912378,0.0009991213782,0.06884236334,0.02093090781,0.002006036437,0.0003678688401,0.01596740092,0.03418774492,0.001301687004,0.01072990523,0.01103161676,0.01096136687
CO,0.008825585191,0.03622962185,0.002946785569,0.00177297881,0.06219781786,0.001063360385,0.006599166119,0.006678161628,0.008424185251,0.04750735454,0.01112204619,0.0009210853575,0.01457582349,0.00276204715,0.002701582152,0.02680818914,0.003302680923,0.00298736002,0.0004039122308,0.001372183332,0.008505655272,0.0009429781824,0.005591453933,0.004041237922,0.005664612613,0.03314915593,0.05738553316,0.003139910886,0.01425615803,0.005904829227,0.008888411365,0.005188863961,0.003904044145,0.0101651654,0.001408885453,0.007138760975,0.009792288471,0.00008781686204,0.007657161913,0.01834195607,0.006007984289,0.01819790543,0.0409126841,0.03213419021,0.01250422202,0.02631731007,0.006364351877,0.1150254689,0.0664143495,0.08658480035,0.004267778603,0.002494554231,0.005318010849,0.005666369328,0.04416034018,0.01523447829,0.002474248116,0.002197499386,0.001013756798,0.06653501504,0.02386797709,0.002267579093,0.0005558019679,0.01707621455,0.03538386745,0.001185045958,0.01191657251,0.01101118425,0.01035132053
PA,0.00873373017,0.03509006486,0.003155868706,0.001704225265,0.06169520114,0.001055566751,0.006398760106,0.006679053411,0.008114187228,0.04679700866,0.01168930782,0.001121605249,0.01440740917,0.002483818987,0.002909396987,0.02622043117,0.003103824816,0.002707902421,0.0004955510343,0.001280051354,0.008905137102,0.0009988014167,0.005789786409,0.00382396846,0.005582660056,0.02992668755,0.0553590696,0.003011355489,0.0138530561,0.00598830307,0.009189272367,0.005938882204,0.003938964937,0.008938711815,0.001630626285,0.007308363262,0.009951276395,0.0001967268327,0.007647273449,0.01886622669,0.005987994479,0.01876664434,0.04036215882,0.03018431484,0.01229933072,0.02501174151,0.006021893212,0.1124120729,0.06539366559,0.08230888671,0.004817276955,0.002510218956,0.005835133872,0.005567446514,0.039072572,0.01505665401,0.002358114398,0.00213239543,0.0008914117104,0.06651454565,0.02179978637,0.002360721993,0.0006042213937,0.01651612024,0.03372812886,0.00142010543,0.01123436737,0.009145884457,0.01108912897
NC,0.008441020496,0.03591173754,0.002744227506,0.001706190236,0.06091899432,0.001042641998,0.006209510418,0.006662366382,0.008490512668,0.04696369078,0.0116971345,0.001014113457,0.0145341317,0.002524446951,0.002810788331,0.02634110454,0.003732149408,0.002699478551,0.0003896361628,0.001403386089,0.008806732846,0.001028966302,0.005879354878,0.004356886367,0.005828564382,0.03257467726,0.05705316931,0.002914152358,0.01407175468,0.005519978357,0.009180096662,0.006892620096,0.003745028798,0.009365999574,0.001556103799,0.007361557985,0.009388850105,0.00006979798331,0.007613502392,0.01817304402,0.005983861432,0.0193345434,0.04237014563,0.03179916143,0.01243300813,0.02640861748,0.006663058822,0.114144544,0.06689059955,0.08702974128,0.005878506639,0.002453454509,0.005858754779,0.005794288586,0.0434997062,0.01540830297,0.002625283572,0.002115474393,0.001001580287,0.06933981287,0.02277581594,0.00202043696,0.000414702502,0.01670328753,0.03556184745,0.001273293865,0.01152712309,0.01092502893,0.01075065515
ND,0.008458862853,0.03724008254,0.002888114113,0.001744141657,0.05878199344,0.001140129324,0.006426742463,0.006797732859,0.009010864792,0.0492797201,0.01152324865,0.0008498447118,0.01581090353,0.002529934159,0.002907970298,0.02744111937,0.004428057327,0.002889523262,0.0003480597049,0.001536612499,0.009397612031,0.001092218271,0.006081116743,0.005087282664,0.006496943685,0.0391147626,0.05684774482,0.002952934949,0.01432642953,0.005521300434,0.009809723945,0.005661062355,0.003945744192,0.01019096269,0.001403640113,0.00737356222,0.01006452363,0.00009556589614,0.007532027386,0.01798816623,0.005744074018,0.02040447177,0.04388729271,0.03447687023,0.0130382115,0.02708691065,0.007046127327,0.1135047422,0.07213982546,0.09635476315,0.004811217643,0.00262447522,0.005780711881,0.005688604805,0.0508396476,0.01574390492,0.002757703815,0.002387353942,0.001202003758,0.07196880606,0.02319343306,0.002129735956,0.0005294555613,0.01787569055,0.03808006321,0.001263621983,0.01177625487,0.011724885,0.01019813654
NE,0.00866632397,0.03685336403,0.002911222292,0.00173428564,0.05963326821,0.001146146619,0.006413986425,0.006625729644,0.008605237862,0.04771181759,0.01139505632,0.001180229704,0.01503151835,0.002590094874,0.003078289778,0.02694621821,0.003998258634,0.002822419666,0.000393080596,0.001423037377,0.008970382403,0.001016125964,0.005943738652,0.00439474205,0.005993299079,0.03507110961,0.05602479712,0.002908203661,0.01417356863,0.005523051307,0.00965072687,0.006575016649,0.003796120149,0.009618345195,0.001718808297,0.00713253029,0.009950833642,0.0001099879244,0.007660571118,0.01837292295,0.006044012074,0.01922966521,0.04260209914,0.03266548051,0.01285415261,0.02680664771,0.006778088166,0.1129173133,0.0688582035,0.09043092983,0.005394786946,0.002595747946,0.005836549822,0.005679251722,0.04618230487,0.01551658485,0.002594650262,0.002273193539,0.001051087196,0.069764122,0.02257891826,0.002282249431,0.000549116359,0.01747957293,0.0364888781,0.001304981476,0.01155081766,0.01111119527,0.01078287802
